Timing Analyzer report for syncMedian
Wed May 28 09:52:05 2025
Quartus Prime Version 20.1.1 Build 720 11/11/2020 SJ Lite Edition


---------------------
; Table of Contents ;
---------------------
  1. Legal Notice
  2. Timing Analyzer Summary
  3. Parallel Compilation
  4. Clocks
  5. Slow 1200mV 85C Model Fmax Summary
  6. Timing Closure Recommendations
  7. Slow 1200mV 85C Model Setup Summary
  8. Slow 1200mV 85C Model Hold Summary
  9. Slow 1200mV 85C Model Recovery Summary
 10. Slow 1200mV 85C Model Removal Summary
 11. Slow 1200mV 85C Model Minimum Pulse Width Summary
 12. Slow 1200mV 85C Model Setup: 'clk'
 13. Slow 1200mV 85C Model Hold: 'clk'
 14. Slow 1200mV 85C Model Metastability Summary
 15. Slow 1200mV 0C Model Fmax Summary
 16. Slow 1200mV 0C Model Setup Summary
 17. Slow 1200mV 0C Model Hold Summary
 18. Slow 1200mV 0C Model Recovery Summary
 19. Slow 1200mV 0C Model Removal Summary
 20. Slow 1200mV 0C Model Minimum Pulse Width Summary
 21. Slow 1200mV 0C Model Setup: 'clk'
 22. Slow 1200mV 0C Model Hold: 'clk'
 23. Slow 1200mV 0C Model Metastability Summary
 24. Fast 1200mV 0C Model Setup Summary
 25. Fast 1200mV 0C Model Hold Summary
 26. Fast 1200mV 0C Model Recovery Summary
 27. Fast 1200mV 0C Model Removal Summary
 28. Fast 1200mV 0C Model Minimum Pulse Width Summary
 29. Fast 1200mV 0C Model Setup: 'clk'
 30. Fast 1200mV 0C Model Hold: 'clk'
 31. Fast 1200mV 0C Model Metastability Summary
 32. Multicorner Timing Analysis Summary
 33. Board Trace Model Assignments
 34. Input Transition Times
 35. Signal Integrity Metrics (Slow 1200mv 0c Model)
 36. Signal Integrity Metrics (Slow 1200mv 85c Model)
 37. Signal Integrity Metrics (Fast 1200mv 0c Model)
 38. Setup Transfers
 39. Hold Transfers
 40. Report TCCS
 41. Report RSKM
 42. Unconstrained Paths Summary
 43. Clock Status Summary
 44. Unconstrained Input Ports
 45. Unconstrained Output Ports
 46. Unconstrained Input Ports
 47. Unconstrained Output Ports
 48. Timing Analyzer Messages



----------------
; Legal Notice ;
----------------
Copyright (C) 2020  Intel Corporation. All rights reserved.
Your use of Intel Corporation's design tools, logic functions 
and other software and tools, and any partner logic 
functions, and any output files from any of the foregoing 
(including device programming or simulation files), and any 
associated documentation or information are expressly subject 
to the terms and conditions of the Intel Program License 
Subscription Agreement, the Intel Quartus Prime License Agreement,
the Intel FPGA IP License Agreement, or other applicable license
agreement, including, without limitation, that your use is for
the sole purpose of programming logic devices manufactured by
Intel and sold by Intel or its authorized distributors.  Please
refer to the applicable agreement for further details, at
https://fpgasoftware.intel.com/eula.



+-----------------------------------------------------------------------------+
; Timing Analyzer Summary                                                     ;
+-----------------------+-----------------------------------------------------+
; Quartus Prime Version ; Version 20.1.1 Build 720 11/11/2020 SJ Lite Edition ;
; Timing Analyzer       ; Legacy Timing Analyzer                              ;
; Revision Name         ; syncMedian                                          ;
; Device Family         ; Cyclone IV E                                        ;
; Device Name           ; EP4CE6F17C7                                         ;
; Timing Models         ; Final                                               ;
; Delay Model           ; Combined                                            ;
; Rise/Fall Delays      ; Enabled                                             ;
+-----------------------+-----------------------------------------------------+


+------------------------------------------+
; Parallel Compilation                     ;
+----------------------------+-------------+
; Processors                 ; Number      ;
+----------------------------+-------------+
; Number detected on machine ; 8           ;
; Maximum allowed            ; 4           ;
;                            ;             ;
; Average used               ; 1.04        ;
; Maximum used               ; 4           ;
;                            ;             ;
; Usage by Processor         ; % Time Used ;
;     Processor 1            ; 100.0%      ;
;     Processors 2-4         ;   1.4%      ;
+----------------------------+-------------+


+---------------------------------------------------------------------------------------------------------------------------------------------------------------------------------+
; Clocks                                                                                                                                                                          ;
+------------+------+--------+------------+-------+-------+------------+-----------+-------------+-------+--------+-----------+------------+----------+--------+--------+---------+
; Clock Name ; Type ; Period ; Frequency  ; Rise  ; Fall  ; Duty Cycle ; Divide by ; Multiply by ; Phase ; Offset ; Edge List ; Edge Shift ; Inverted ; Master ; Source ; Targets ;
+------------+------+--------+------------+-------+-------+------------+-----------+-------------+-------+--------+-----------+------------+----------+--------+--------+---------+
; clk        ; Base ; 1.000  ; 1000.0 MHz ; 0.000 ; 0.500 ;            ;           ;             ;       ;        ;           ;            ;          ;        ;        ; { clk } ;
+------------+------+--------+------------+-------+-------+------------+-----------+-------------+-------+--------+-----------+------------+----------+--------+--------+---------+


+--------------------------------------------------+
; Slow 1200mV 85C Model Fmax Summary               ;
+------------+-----------------+------------+------+
; Fmax       ; Restricted Fmax ; Clock Name ; Note ;
+------------+-----------------+------------+------+
; 205.85 MHz ; 205.85 MHz      ; clk        ;      ;
+------------+-----------------+------------+------+
This panel reports FMAX for every clock in the design, regardless of the user-specified clock periods.  FMAX is only computed for paths where the source and destination registers or ports are driven by the same clock.  Paths of different clocks, including generated clocks, are ignored.  For paths between a clock and its inversion, FMAX is computed as if the rising and falling edges are scaled along with FMAX, such that the duty cycle (in terms of a percentage) is maintained. Altera recommends that you always use clock constraints and other slack reports for sign-off analysis.


----------------------------------
; Timing Closure Recommendations ;
----------------------------------
HTML report is unavailable in plain text report export.


+-------------------------------------+
; Slow 1200mV 85C Model Setup Summary ;
+-------+--------+--------------------+
; Clock ; Slack  ; End Point TNS      ;
+-------+--------+--------------------+
; clk   ; -3.858 ; -232.881           ;
+-------+--------+--------------------+


+------------------------------------+
; Slow 1200mV 85C Model Hold Summary ;
+-------+-------+--------------------+
; Clock ; Slack ; End Point TNS      ;
+-------+-------+--------------------+
; clk   ; 0.411 ; 0.000              ;
+-------+-------+--------------------+


------------------------------------------
; Slow 1200mV 85C Model Recovery Summary ;
------------------------------------------
No paths to report.


-----------------------------------------
; Slow 1200mV 85C Model Removal Summary ;
-----------------------------------------
No paths to report.


+---------------------------------------------------+
; Slow 1200mV 85C Model Minimum Pulse Width Summary ;
+-------+--------+----------------------------------+
; Clock ; Slack  ; End Point TNS                    ;
+-------+--------+----------------------------------+
; clk   ; -3.000 ; -141.780                         ;
+-------+--------+----------------------------------+


+----------------------------------------------------------------------------------------------------------------------------------------------------------------------------------------------------------------------------------------+
; Slow 1200mV 85C Model Setup: 'clk'                                                                                                                                                                                                     ;
+--------+-------------------------------------------------------------------------------------------+-------------------------------------------------------------+--------------+-------------+--------------+------------+------------+
; Slack  ; From Node                                                                                 ; To Node                                                     ; Launch Clock ; Latch Clock ; Relationship ; Clock Skew ; Data Delay ;
+--------+-------------------------------------------------------------------------------------------+-------------------------------------------------------------+--------------+-------------+--------------+------------+------------+
; -3.858 ; innerMedian:a_dev|innerMedian.med$16:med$16|fifo_counter[1]                               ; innerMedian:a_dev|innerMedian.med$16:med$16|index[0]        ; clk          ; clk         ; 1.000        ; -0.485     ; 4.371      ;
; -3.858 ; innerMedian:a_dev|innerMedian.med$16:med$16|fifo_counter[1]                               ; innerMedian:a_dev|innerMedian.med$16:med$16|index[3]        ; clk          ; clk         ; 1.000        ; -0.485     ; 4.371      ;
; -3.858 ; innerMedian:a_dev|innerMedian.med$16:med$16|fifo_counter[1]                               ; innerMedian:a_dev|innerMedian.med$16:med$16|index[1]        ; clk          ; clk         ; 1.000        ; -0.485     ; 4.371      ;
; -3.858 ; innerMedian:a_dev|innerMedian.med$16:med$16|fifo_counter[1]                               ; innerMedian:a_dev|innerMedian.med$16:med$16|index[2]        ; clk          ; clk         ; 1.000        ; -0.485     ; 4.371      ;
; -3.848 ; innerMedian:a_dev|innerMedian.med$16:med$16|fifo_counter[2]                               ; innerMedian:a_dev|innerMedian.med$16:med$16|index[0]        ; clk          ; clk         ; 1.000        ; -0.485     ; 4.361      ;
; -3.848 ; innerMedian:a_dev|innerMedian.med$16:med$16|fifo_counter[2]                               ; innerMedian:a_dev|innerMedian.med$16:med$16|index[3]        ; clk          ; clk         ; 1.000        ; -0.485     ; 4.361      ;
; -3.848 ; innerMedian:a_dev|innerMedian.med$16:med$16|fifo_counter[2]                               ; innerMedian:a_dev|innerMedian.med$16:med$16|index[1]        ; clk          ; clk         ; 1.000        ; -0.485     ; 4.361      ;
; -3.848 ; innerMedian:a_dev|innerMedian.med$16:med$16|fifo_counter[2]                               ; innerMedian:a_dev|innerMedian.med$16:med$16|index[2]        ; clk          ; clk         ; 1.000        ; -0.485     ; 4.361      ;
; -3.762 ; innerMedian:a_dev|innerMedian.med$16:med$16|fifo_counter[0]                               ; innerMedian:a_dev|innerMedian.med$16:med$16|index[0]        ; clk          ; clk         ; 1.000        ; -0.485     ; 4.275      ;
; -3.762 ; innerMedian:a_dev|innerMedian.med$16:med$16|fifo_counter[0]                               ; innerMedian:a_dev|innerMedian.med$16:med$16|index[3]        ; clk          ; clk         ; 1.000        ; -0.485     ; 4.275      ;
; -3.762 ; innerMedian:a_dev|innerMedian.med$16:med$16|fifo_counter[0]                               ; innerMedian:a_dev|innerMedian.med$16:med$16|index[1]        ; clk          ; clk         ; 1.000        ; -0.485     ; 4.275      ;
; -3.762 ; innerMedian:a_dev|innerMedian.med$16:med$16|fifo_counter[0]                               ; innerMedian:a_dev|innerMedian.med$16:med$16|index[2]        ; clk          ; clk         ; 1.000        ; -0.485     ; 4.275      ;
; -3.607 ; innerMedian:a_dev|innerMedian.med$16:med$16|fifo_counter[1]                               ; innerMedian:a_dev|innerMedian.med$16:med$16|total[0]        ; clk          ; clk         ; 1.000        ; -0.497     ; 4.108      ;
; -3.607 ; innerMedian:a_dev|innerMedian.med$16:med$16|fifo_counter[1]                               ; innerMedian:a_dev|innerMedian.med$16:med$16|total[1]        ; clk          ; clk         ; 1.000        ; -0.497     ; 4.108      ;
; -3.607 ; innerMedian:a_dev|innerMedian.med$16:med$16|fifo_counter[1]                               ; innerMedian:a_dev|innerMedian.med$16:med$16|total[2]        ; clk          ; clk         ; 1.000        ; -0.497     ; 4.108      ;
; -3.597 ; innerMedian:a_dev|innerMedian.med$16:med$16|fifo_counter[2]                               ; innerMedian:a_dev|innerMedian.med$16:med$16|total[0]        ; clk          ; clk         ; 1.000        ; -0.497     ; 4.098      ;
; -3.597 ; innerMedian:a_dev|innerMedian.med$16:med$16|fifo_counter[2]                               ; innerMedian:a_dev|innerMedian.med$16:med$16|total[1]        ; clk          ; clk         ; 1.000        ; -0.497     ; 4.098      ;
; -3.597 ; innerMedian:a_dev|innerMedian.med$16:med$16|fifo_counter[2]                               ; innerMedian:a_dev|innerMedian.med$16:med$16|total[2]        ; clk          ; clk         ; 1.000        ; -0.497     ; 4.098      ;
; -3.571 ; innerMedian:a_dev|innerMedian.med$16:med$16|offset[2]                                     ; innerMedian:a_dev|innerMedian.med$16:med$16|fifo_counter[1] ; clk          ; clk         ; 1.000        ; 0.329      ; 4.898      ;
; -3.571 ; innerMedian:a_dev|innerMedian.med$16:med$16|offset[2]                                     ; innerMedian:a_dev|innerMedian.med$16:med$16|fifo_counter[0] ; clk          ; clk         ; 1.000        ; 0.329      ; 4.898      ;
; -3.571 ; innerMedian:a_dev|innerMedian.med$16:med$16|offset[2]                                     ; innerMedian:a_dev|innerMedian.med$16:med$16|fifo_counter[2] ; clk          ; clk         ; 1.000        ; 0.329      ; 4.898      ;
; -3.564 ; innerMedian:a_dev|innerMedian.med$16:med$16|offset[1]                                     ; innerMedian:a_dev|innerMedian.med$16:med$16|fifo_counter[1] ; clk          ; clk         ; 1.000        ; 0.329      ; 4.891      ;
; -3.564 ; innerMedian:a_dev|innerMedian.med$16:med$16|offset[1]                                     ; innerMedian:a_dev|innerMedian.med$16:med$16|fifo_counter[0] ; clk          ; clk         ; 1.000        ; 0.329      ; 4.891      ;
; -3.564 ; innerMedian:a_dev|innerMedian.med$16:med$16|offset[1]                                     ; innerMedian:a_dev|innerMedian.med$16:med$16|fifo_counter[2] ; clk          ; clk         ; 1.000        ; 0.329      ; 4.891      ;
; -3.511 ; innerMedian:a_dev|innerMedian.med$16:med$16|fifo_counter[0]                               ; innerMedian:a_dev|innerMedian.med$16:med$16|total[0]        ; clk          ; clk         ; 1.000        ; -0.497     ; 4.012      ;
; -3.511 ; innerMedian:a_dev|innerMedian.med$16:med$16|fifo_counter[0]                               ; innerMedian:a_dev|innerMedian.med$16:med$16|total[1]        ; clk          ; clk         ; 1.000        ; -0.497     ; 4.012      ;
; -3.511 ; innerMedian:a_dev|innerMedian.med$16:med$16|fifo_counter[0]                               ; innerMedian:a_dev|innerMedian.med$16:med$16|total[2]        ; clk          ; clk         ; 1.000        ; -0.497     ; 4.012      ;
; -3.463 ; innerMedian:a_dev|innerMedian.med$16:med$16|fifo_counter[1]                               ; innerMedian:a_dev|innerMedian.med$16:med$16|offset[0]       ; clk          ; clk         ; 1.000        ; -0.487     ; 3.974      ;
; -3.463 ; innerMedian:a_dev|innerMedian.med$16:med$16|fifo_counter[1]                               ; innerMedian:a_dev|innerMedian.med$16:med$16|offset[1]       ; clk          ; clk         ; 1.000        ; -0.487     ; 3.974      ;
; -3.463 ; innerMedian:a_dev|innerMedian.med$16:med$16|fifo_counter[1]                               ; innerMedian:a_dev|innerMedian.med$16:med$16|offset[2]       ; clk          ; clk         ; 1.000        ; -0.487     ; 3.974      ;
; -3.462 ; innerMedian:a_dev|innerMedian.med$16:med$16|offset[0]                                     ; innerMedian:a_dev|innerMedian.med$16:med$16|fifo_counter[1] ; clk          ; clk         ; 1.000        ; 0.329      ; 4.789      ;
; -3.462 ; innerMedian:a_dev|innerMedian.med$16:med$16|offset[0]                                     ; innerMedian:a_dev|innerMedian.med$16:med$16|fifo_counter[0] ; clk          ; clk         ; 1.000        ; 0.329      ; 4.789      ;
; -3.462 ; innerMedian:a_dev|innerMedian.med$16:med$16|offset[0]                                     ; innerMedian:a_dev|innerMedian.med$16:med$16|fifo_counter[2] ; clk          ; clk         ; 1.000        ; 0.329      ; 4.789      ;
; -3.453 ; innerMedian:a_dev|innerMedian.med$16:med$16|index[0]                                      ; innerMedian:a_dev|innerMedian.med$16:med$16|fifo_counter[3] ; clk          ; clk         ; 1.000        ; -0.081     ; 4.370      ;
; -3.445 ; innerMedian:a_dev|innerMedian.med$16:med$16|fifo_counter[2]                               ; innerMedian:a_dev|innerMedian.med$16:med$16|offset[0]       ; clk          ; clk         ; 1.000        ; -0.487     ; 3.956      ;
; -3.445 ; innerMedian:a_dev|innerMedian.med$16:med$16|fifo_counter[2]                               ; innerMedian:a_dev|innerMedian.med$16:med$16|offset[1]       ; clk          ; clk         ; 1.000        ; -0.487     ; 3.956      ;
; -3.445 ; innerMedian:a_dev|innerMedian.med$16:med$16|fifo_counter[2]                               ; innerMedian:a_dev|innerMedian.med$16:med$16|offset[2]       ; clk          ; clk         ; 1.000        ; -0.487     ; 3.956      ;
; -3.435 ; innerMedian:a_dev|innerMedian.med$16:med$16|fsm_state[2]                                  ; innerMedian:a_dev|innerMedian.med$16:med$16|index[0]        ; clk          ; clk         ; 1.000        ; -0.090     ; 4.343      ;
; -3.435 ; innerMedian:a_dev|innerMedian.med$16:med$16|fsm_state[2]                                  ; innerMedian:a_dev|innerMedian.med$16:med$16|index[3]        ; clk          ; clk         ; 1.000        ; -0.090     ; 4.343      ;
; -3.435 ; innerMedian:a_dev|innerMedian.med$16:med$16|fsm_state[2]                                  ; innerMedian:a_dev|innerMedian.med$16:med$16|index[1]        ; clk          ; clk         ; 1.000        ; -0.090     ; 4.343      ;
; -3.435 ; innerMedian:a_dev|innerMedian.med$16:med$16|fsm_state[2]                                  ; innerMedian:a_dev|innerMedian.med$16:med$16|index[2]        ; clk          ; clk         ; 1.000        ; -0.090     ; 4.343      ;
; -3.421 ; innerMedian:a_dev|innerMedian.med$16:med$16|fifo_counter[1]                               ; innerMedian:a_dev|innerMedian.med$16:med$16|fifo_counter[1] ; clk          ; clk         ; 1.000        ; -0.087     ; 4.332      ;
; -3.421 ; innerMedian:a_dev|innerMedian.med$16:med$16|fifo_counter[1]                               ; innerMedian:a_dev|innerMedian.med$16:med$16|fifo_counter[0] ; clk          ; clk         ; 1.000        ; -0.087     ; 4.332      ;
; -3.421 ; innerMedian:a_dev|innerMedian.med$16:med$16|fifo_counter[1]                               ; innerMedian:a_dev|innerMedian.med$16:med$16|fifo_counter[2] ; clk          ; clk         ; 1.000        ; -0.087     ; 4.332      ;
; -3.419 ; innerMedian:a_dev|innerMedian.med$16:med$16|total[0]                                      ; innerMedian:a_dev|innerMedian.med$16:med$16|fifo_counter[1] ; clk          ; clk         ; 1.000        ; 0.340      ; 4.757      ;
; -3.419 ; innerMedian:a_dev|innerMedian.med$16:med$16|total[0]                                      ; innerMedian:a_dev|innerMedian.med$16:med$16|fifo_counter[0] ; clk          ; clk         ; 1.000        ; 0.340      ; 4.757      ;
; -3.419 ; innerMedian:a_dev|innerMedian.med$16:med$16|total[0]                                      ; innerMedian:a_dev|innerMedian.med$16:med$16|fifo_counter[2] ; clk          ; clk         ; 1.000        ; 0.340      ; 4.757      ;
; -3.411 ; innerMedian:a_dev|innerMedian.med$16:med$16|fifo_counter[2]                               ; innerMedian:a_dev|innerMedian.med$16:med$16|fifo_counter[1] ; clk          ; clk         ; 1.000        ; -0.087     ; 4.322      ;
; -3.411 ; innerMedian:a_dev|innerMedian.med$16:med$16|fifo_counter[2]                               ; innerMedian:a_dev|innerMedian.med$16:med$16|fifo_counter[0] ; clk          ; clk         ; 1.000        ; -0.087     ; 4.322      ;
; -3.411 ; innerMedian:a_dev|innerMedian.med$16:med$16|fifo_counter[2]                               ; innerMedian:a_dev|innerMedian.med$16:med$16|fifo_counter[2] ; clk          ; clk         ; 1.000        ; -0.087     ; 4.322      ;
; -3.406 ; innerMedian:a_dev|innerMedian.med$16:med$16|stable_counter[1]                             ; innerMedian:a_dev|innerMedian.med$16:med$16|fifo_counter[3] ; clk          ; clk         ; 1.000        ; -0.100     ; 4.304      ;
; -3.357 ; innerMedian:a_dev|innerMedian.med$16:med$16|index[1]                                      ; innerMedian:a_dev|innerMedian.med$16:med$16|fifo_counter[3] ; clk          ; clk         ; 1.000        ; -0.081     ; 4.274      ;
; -3.352 ; innerMedian:a_dev|innerMedian.med$16:med$16|index[0]                                      ; innerMedian:a_dev|innerMedian.med$16:med$16|fifo_counter[1] ; clk          ; clk         ; 1.000        ; 0.328      ; 4.678      ;
; -3.352 ; innerMedian:a_dev|innerMedian.med$16:med$16|index[0]                                      ; innerMedian:a_dev|innerMedian.med$16:med$16|fifo_counter[0] ; clk          ; clk         ; 1.000        ; 0.328      ; 4.678      ;
; -3.352 ; innerMedian:a_dev|innerMedian.med$16:med$16|index[0]                                      ; innerMedian:a_dev|innerMedian.med$16:med$16|fifo_counter[2] ; clk          ; clk         ; 1.000        ; 0.328      ; 4.678      ;
; -3.343 ; innerMedian:a_dev|innerMedian.med$16:med$16|index[1]                                      ; innerMedian:a_dev|innerMedian.med$16:med$16|fifo_counter[1] ; clk          ; clk         ; 1.000        ; 0.328      ; 4.669      ;
; -3.343 ; innerMedian:a_dev|innerMedian.med$16:med$16|index[1]                                      ; innerMedian:a_dev|innerMedian.med$16:med$16|fifo_counter[0] ; clk          ; clk         ; 1.000        ; 0.328      ; 4.669      ;
; -3.343 ; innerMedian:a_dev|innerMedian.med$16:med$16|index[1]                                      ; innerMedian:a_dev|innerMedian.med$16:med$16|fifo_counter[2] ; clk          ; clk         ; 1.000        ; 0.328      ; 4.669      ;
; -3.325 ; innerMedian:a_dev|innerMedian.med$16:med$16|fifo_counter[3]                               ; innerMedian:a_dev|innerMedian.med$16:med$16|index[0]        ; clk          ; clk         ; 1.000        ; -0.059     ; 4.264      ;
; -3.325 ; innerMedian:a_dev|innerMedian.med$16:med$16|fifo_counter[3]                               ; innerMedian:a_dev|innerMedian.med$16:med$16|index[3]        ; clk          ; clk         ; 1.000        ; -0.059     ; 4.264      ;
; -3.325 ; innerMedian:a_dev|innerMedian.med$16:med$16|fifo_counter[3]                               ; innerMedian:a_dev|innerMedian.med$16:med$16|index[1]        ; clk          ; clk         ; 1.000        ; -0.059     ; 4.264      ;
; -3.325 ; innerMedian:a_dev|innerMedian.med$16:med$16|fifo_counter[3]                               ; innerMedian:a_dev|innerMedian.med$16:med$16|index[2]        ; clk          ; clk         ; 1.000        ; -0.059     ; 4.264      ;
; -3.325 ; innerMedian:a_dev|innerMedian.med$16:med$16|fifo_counter[0]                               ; innerMedian:a_dev|innerMedian.med$16:med$16|fifo_counter[1] ; clk          ; clk         ; 1.000        ; -0.087     ; 4.236      ;
; -3.325 ; innerMedian:a_dev|innerMedian.med$16:med$16|fifo_counter[0]                               ; innerMedian:a_dev|innerMedian.med$16:med$16|fifo_counter[0] ; clk          ; clk         ; 1.000        ; -0.087     ; 4.236      ;
; -3.325 ; innerMedian:a_dev|innerMedian.med$16:med$16|fifo_counter[0]                               ; innerMedian:a_dev|innerMedian.med$16:med$16|fifo_counter[2] ; clk          ; clk         ; 1.000        ; -0.087     ; 4.236      ;
; -3.325 ; innerMedian:a_dev|innerMedian.med$16:med$16|total[1]                                      ; innerMedian:a_dev|innerMedian.med$16:med$16|fifo_counter[1] ; clk          ; clk         ; 1.000        ; 0.340      ; 4.663      ;
; -3.325 ; innerMedian:a_dev|innerMedian.med$16:med$16|total[1]                                      ; innerMedian:a_dev|innerMedian.med$16:med$16|fifo_counter[0] ; clk          ; clk         ; 1.000        ; 0.340      ; 4.663      ;
; -3.325 ; innerMedian:a_dev|innerMedian.med$16:med$16|total[1]                                      ; innerMedian:a_dev|innerMedian.med$16:med$16|fifo_counter[2] ; clk          ; clk         ; 1.000        ; 0.340      ; 4.663      ;
; -3.313 ; innerMedian:a_dev|innerMedian.med$16:med$16|fsm_state[1]                                  ; innerMedian:a_dev|innerMedian.med$16:med$16|offset[2]       ; clk          ; clk         ; 1.000        ; -0.061     ; 4.250      ;
; -3.307 ; innerMedian:a_dev|innerMedian.med$16:med$16|fsm_state[1]                                  ; innerMedian:a_dev|innerMedian.med$16:med$16|offset[3]       ; clk          ; clk         ; 1.000        ; -0.061     ; 4.244      ;
; -3.307 ; innerMedian:a_dev|innerMedian.med$16:med$16|offset[3]                                     ; innerMedian:a_dev|innerMedian.med$16:med$16|fifo_counter[1] ; clk          ; clk         ; 1.000        ; 0.329      ; 4.634      ;
; -3.307 ; innerMedian:a_dev|innerMedian.med$16:med$16|offset[3]                                     ; innerMedian:a_dev|innerMedian.med$16:med$16|fifo_counter[0] ; clk          ; clk         ; 1.000        ; 0.329      ; 4.634      ;
; -3.307 ; innerMedian:a_dev|innerMedian.med$16:med$16|offset[3]                                     ; innerMedian:a_dev|innerMedian.med$16:med$16|fifo_counter[2] ; clk          ; clk         ; 1.000        ; 0.329      ; 4.634      ;
; -3.301 ; innerMedian:a_dev|innerMedian.med$16:med$16|fifo_counter[0]                               ; innerMedian:a_dev|innerMedian.med$16:med$16|offset[0]       ; clk          ; clk         ; 1.000        ; -0.487     ; 3.812      ;
; -3.301 ; innerMedian:a_dev|innerMedian.med$16:med$16|fifo_counter[0]                               ; innerMedian:a_dev|innerMedian.med$16:med$16|offset[1]       ; clk          ; clk         ; 1.000        ; -0.487     ; 3.812      ;
; -3.301 ; innerMedian:a_dev|innerMedian.med$16:med$16|fifo_counter[0]                               ; innerMedian:a_dev|innerMedian.med$16:med$16|offset[2]       ; clk          ; clk         ; 1.000        ; -0.487     ; 3.812      ;
; -3.275 ; innerMedian:a_dev|innerMedian.med$16:med$16|stable_counter[1]                             ; innerMedian:a_dev|innerMedian.med$16:med$16|index[0]        ; clk          ; clk         ; 1.000        ; -0.089     ; 4.184      ;
; -3.275 ; innerMedian:a_dev|innerMedian.med$16:med$16|stable_counter[1]                             ; innerMedian:a_dev|innerMedian.med$16:med$16|index[3]        ; clk          ; clk         ; 1.000        ; -0.089     ; 4.184      ;
; -3.275 ; innerMedian:a_dev|innerMedian.med$16:med$16|stable_counter[1]                             ; innerMedian:a_dev|innerMedian.med$16:med$16|index[1]        ; clk          ; clk         ; 1.000        ; -0.089     ; 4.184      ;
; -3.275 ; innerMedian:a_dev|innerMedian.med$16:med$16|stable_counter[1]                             ; innerMedian:a_dev|innerMedian.med$16:med$16|index[2]        ; clk          ; clk         ; 1.000        ; -0.089     ; 4.184      ;
; -3.264 ; innerMedian:a_dev|innerMedian.med$16:med$16|fsm_state[0]                                  ; innerMedian:a_dev|innerMedian.med$16:med$16|offset[2]       ; clk          ; clk         ; 1.000        ; -0.092     ; 4.170      ;
; -3.261 ; innerMedian:a_dev|innerMedian.med$16:med$16|offset[2]                                     ; innerMedian:a_dev|innerMedian.med$16:med$16|fsm_state[0]    ; clk          ; clk         ; 1.000        ; -0.050     ; 4.209      ;
; -3.258 ; innerMedian:a_dev|innerMedian.med$16:med$16|fsm_state[0]                                  ; innerMedian:a_dev|innerMedian.med$16:med$16|offset[3]       ; clk          ; clk         ; 1.000        ; -0.092     ; 4.164      ;
; -3.254 ; innerMedian:a_dev|innerMedian.med$16:med$16|stable_counter[0]                             ; innerMedian:a_dev|innerMedian.med$16:med$16|fifo_counter[3] ; clk          ; clk         ; 1.000        ; -0.100     ; 4.152      ;
; -3.254 ; innerMedian:a_dev|innerMedian.med$16:med$16|offset[1]                                     ; innerMedian:a_dev|innerMedian.med$16:med$16|fsm_state[0]    ; clk          ; clk         ; 1.000        ; -0.050     ; 4.202      ;
; -3.252 ; innerMedian:a_dev|innerMedian.med$16:med$16|stable_counter[1]                             ; innerMedian:a_dev|innerMedian.med$16:med$16|total[0]        ; clk          ; clk         ; 1.000        ; -0.101     ; 4.149      ;
; -3.252 ; innerMedian:a_dev|innerMedian.med$16:med$16|stable_counter[1]                             ; innerMedian:a_dev|innerMedian.med$16:med$16|total[1]        ; clk          ; clk         ; 1.000        ; -0.101     ; 4.149      ;
; -3.252 ; innerMedian:a_dev|innerMedian.med$16:med$16|stable_counter[1]                             ; innerMedian:a_dev|innerMedian.med$16:med$16|total[2]        ; clk          ; clk         ; 1.000        ; -0.101     ; 4.149      ;
; -3.251 ; innerMedian:a_dev|innerMedian.med$16:med$16|stable_counter[1]                             ; innerMedian:a_dev|innerMedian.med$16:med$16|offset[2]       ; clk          ; clk         ; 1.000        ; -0.091     ; 4.158      ;
; -3.245 ; innerMedian:a_dev|innerMedian.med$16:med$16|stable_counter[1]                             ; innerMedian:a_dev|innerMedian.med$16:med$16|offset[3]       ; clk          ; clk         ; 1.000        ; -0.091     ; 4.152      ;
; -3.233 ; innerMedian:a_dev|innerMedian.med$16:med$16|fifo_counter[0]                               ; innerMedian:a_dev|innerMedian.med$16:med$16|pop$36          ; clk          ; clk         ; 1.000        ; -0.487     ; 3.744      ;
; -3.218 ; innerMedian:a_dev|innerMedian.med$16:med$16|total[0]                                      ; innerMedian:a_dev|innerMedian.med$16:med$16|fifo_counter[3] ; clk          ; clk         ; 1.000        ; -0.069     ; 4.147      ;
; -3.191 ; innerMedian:a_dev|innerMedian.med$16:med$16|innerMedian.med$16.init_fifo:init_fifo|_0_[0] ; innerMedian:a_dev|innerMedian.med$16:med$16|offset[2]       ; clk          ; clk         ; 1.000        ; -0.068     ; 4.121      ;
; -3.189 ; innerMedian:a_dev|innerMedian.med$16:med$16|index[2]                                      ; innerMedian:a_dev|innerMedian.med$16:med$16|fifo_counter[1] ; clk          ; clk         ; 1.000        ; 0.328      ; 4.515      ;
; -3.189 ; innerMedian:a_dev|innerMedian.med$16:med$16|index[2]                                      ; innerMedian:a_dev|innerMedian.med$16:med$16|fifo_counter[0] ; clk          ; clk         ; 1.000        ; 0.328      ; 4.515      ;
; -3.189 ; innerMedian:a_dev|innerMedian.med$16:med$16|index[2]                                      ; innerMedian:a_dev|innerMedian.med$16:med$16|fifo_counter[2] ; clk          ; clk         ; 1.000        ; 0.328      ; 4.515      ;
; -3.185 ; innerMedian:a_dev|innerMedian.med$16:med$16|innerMedian.med$16.init_fifo:init_fifo|_0_[0] ; innerMedian:a_dev|innerMedian.med$16:med$16|offset[3]       ; clk          ; clk         ; 1.000        ; -0.068     ; 4.115      ;
; -3.184 ; innerMedian:a_dev|innerMedian.med$16:med$16|fsm_state[2]                                  ; innerMedian:a_dev|innerMedian.med$16:med$16|total[0]        ; clk          ; clk         ; 1.000        ; -0.102     ; 4.080      ;
; -3.184 ; innerMedian:a_dev|innerMedian.med$16:med$16|fsm_state[2]                                  ; innerMedian:a_dev|innerMedian.med$16:med$16|total[1]        ; clk          ; clk         ; 1.000        ; -0.102     ; 4.080      ;
; -3.184 ; innerMedian:a_dev|innerMedian.med$16:med$16|fsm_state[2]                                  ; innerMedian:a_dev|innerMedian.med$16:med$16|total[2]        ; clk          ; clk         ; 1.000        ; -0.102     ; 4.080      ;
+--------+-------------------------------------------------------------------------------------------+-------------------------------------------------------------+--------------+-------------+--------------+------------+------------+


+--------------------------------------------------------------------------------------------------------------------------------------------------------------------------------------------------------------------------------------------------------------------------------------------+
; Slow 1200mV 85C Model Hold: 'clk'                                                                                                                                                                                                                                                          ;
+-------+-----------------------------------------------------------------------------------------------------+--------------------------------------------------------------------------------------------------------+--------------+-------------+--------------+------------+------------+
; Slack ; From Node                                                                                           ; To Node                                                                                                ; Launch Clock ; Latch Clock ; Relationship ; Clock Skew ; Data Delay ;
+-------+-----------------------------------------------------------------------------------------------------+--------------------------------------------------------------------------------------------------------+--------------+-------------+--------------+------------+------------+
; 0.411 ; innerMedian:a_dev|innerMedian.med$16:med$16|innerMedian.med$16.high_fifo:high_fifo|memory[1][0]     ; innerMedian:a_dev|innerMedian.med$16:med$16|innerMedian.med$16.high_fifo:high_fifo|memory[1][0]        ; clk          ; clk         ; 0.000        ; 0.072      ; 0.669      ;
; 0.411 ; innerMedian:a_dev|innerMedian.med$16:med$16|innerMedian.med$16.high_fifo:high_fifo|memory[0][0]     ; innerMedian:a_dev|innerMedian.med$16:med$16|innerMedian.med$16.high_fifo:high_fifo|memory[0][0]        ; clk          ; clk         ; 0.000        ; 0.072      ; 0.669      ;
; 0.411 ; innerMedian:a_dev|innerMedian.med$16:med$16|innerMedian.med$16.high_fifo:high_fifo|memory[3][0]     ; innerMedian:a_dev|innerMedian.med$16:med$16|innerMedian.med$16.high_fifo:high_fifo|memory[3][0]        ; clk          ; clk         ; 0.000        ; 0.072      ; 0.669      ;
; 0.411 ; innerMedian:a_dev|innerMedian.med$16:med$16|innerMedian.med$16.high_fifo:high_fifo|memory[2][0]     ; innerMedian:a_dev|innerMedian.med$16:med$16|innerMedian.med$16.high_fifo:high_fifo|memory[2][0]        ; clk          ; clk         ; 0.000        ; 0.072      ; 0.669      ;
; 0.411 ; innerMedian:a_dev|innerMedian.med$16:med$16|innerMedian.med$16.high_fifo:high_fifo|memory[4][0]     ; innerMedian:a_dev|innerMedian.med$16:med$16|innerMedian.med$16.high_fifo:high_fifo|memory[4][0]        ; clk          ; clk         ; 0.000        ; 0.072      ; 0.669      ;
; 0.411 ; innerMedian:a_dev|innerMedian.med$16:med$16|innerMedian.med$16.high_fifo:high_fifo|memory[6][0]     ; innerMedian:a_dev|innerMedian.med$16:med$16|innerMedian.med$16.high_fifo:high_fifo|memory[6][0]        ; clk          ; clk         ; 0.000        ; 0.072      ; 0.669      ;
; 0.411 ; innerMedian:a_dev|innerMedian.med$16:med$16|innerMedian.med$16.high_fifo:high_fifo|memory[7][0]     ; innerMedian:a_dev|innerMedian.med$16:med$16|innerMedian.med$16.high_fifo:high_fifo|memory[7][0]        ; clk          ; clk         ; 0.000        ; 0.072      ; 0.669      ;
; 0.411 ; innerMedian:a_dev|innerMedian.med$16:med$16|innerMedian.med$16.high_fifo:high_fifo|memory[5][0]     ; innerMedian:a_dev|innerMedian.med$16:med$16|innerMedian.med$16.high_fifo:high_fifo|memory[5][0]        ; clk          ; clk         ; 0.000        ; 0.072      ; 0.669      ;
; 0.411 ; innerMedian:a_dev|innerMedian.med$16:med$16|innerMedian.med$16.low_fifo:low_fifo|_0_[0]             ; innerMedian:a_dev|innerMedian.med$16:med$16|innerMedian.med$16.low_fifo:low_fifo|_0_[0]                ; clk          ; clk         ; 0.000        ; 0.072      ; 0.669      ;
; 0.411 ; innerMedian:a_dev|innerMedian.med$16:med$16|innerMedian.med$16.low_fifo:low_fifo|memory[8][0]       ; innerMedian:a_dev|innerMedian.med$16:med$16|innerMedian.med$16.low_fifo:low_fifo|memory[8][0]          ; clk          ; clk         ; 0.000        ; 0.072      ; 0.669      ;
; 0.411 ; innerMedian:a_dev|innerMedian.med$16:med$16|innerMedian.med$16.low_fifo:low_fifo|memory[6][0]       ; innerMedian:a_dev|innerMedian.med$16:med$16|innerMedian.med$16.low_fifo:low_fifo|memory[6][0]          ; clk          ; clk         ; 0.000        ; 0.072      ; 0.669      ;
; 0.411 ; innerMedian:a_dev|innerMedian.med$16:med$16|innerMedian.med$16.low_fifo:low_fifo|memory[4][0]       ; innerMedian:a_dev|innerMedian.med$16:med$16|innerMedian.med$16.low_fifo:low_fifo|memory[4][0]          ; clk          ; clk         ; 0.000        ; 0.072      ; 0.669      ;
; 0.411 ; innerMedian:a_dev|innerMedian.med$16:med$16|innerMedian.med$16.low_fifo:low_fifo|memory[5][0]       ; innerMedian:a_dev|innerMedian.med$16:med$16|innerMedian.med$16.low_fifo:low_fifo|memory[5][0]          ; clk          ; clk         ; 0.000        ; 0.072      ; 0.669      ;
; 0.411 ; innerMedian:a_dev|innerMedian.med$16:med$16|innerMedian.med$16.low_fifo:low_fifo|memory[7][0]       ; innerMedian:a_dev|innerMedian.med$16:med$16|innerMedian.med$16.low_fifo:low_fifo|memory[7][0]          ; clk          ; clk         ; 0.000        ; 0.072      ; 0.669      ;
; 0.411 ; innerMedian:a_dev|innerMedian.med$16:med$16|innerMedian.med$16.low_fifo:low_fifo|memory[2][0]       ; innerMedian:a_dev|innerMedian.med$16:med$16|innerMedian.med$16.low_fifo:low_fifo|memory[2][0]          ; clk          ; clk         ; 0.000        ; 0.072      ; 0.669      ;
; 0.411 ; innerMedian:a_dev|innerMedian.med$16:med$16|innerMedian.med$16.low_fifo:low_fifo|memory[0][0]       ; innerMedian:a_dev|innerMedian.med$16:med$16|innerMedian.med$16.low_fifo:low_fifo|memory[0][0]          ; clk          ; clk         ; 0.000        ; 0.072      ; 0.669      ;
; 0.411 ; innerMedian:a_dev|innerMedian.med$16:med$16|innerMedian.med$16.low_fifo:low_fifo|memory[1][0]       ; innerMedian:a_dev|innerMedian.med$16:med$16|innerMedian.med$16.low_fifo:low_fifo|memory[1][0]          ; clk          ; clk         ; 0.000        ; 0.072      ; 0.669      ;
; 0.411 ; innerMedian:a_dev|innerMedian.med$16:med$16|innerMedian.med$16.low_fifo:low_fifo|memory[3][0]       ; innerMedian:a_dev|innerMedian.med$16:med$16|innerMedian.med$16.low_fifo:low_fifo|memory[3][0]          ; clk          ; clk         ; 0.000        ; 0.072      ; 0.669      ;
; 0.411 ; innerMedian:a_dev|innerMedian.med$16:med$16|innerMedian.med$16.high_fifo:high_fifo|r_addr[1]        ; innerMedian:a_dev|innerMedian.med$16:med$16|innerMedian.med$16.high_fifo:high_fifo|r_addr[1]           ; clk          ; clk         ; 0.000        ; 0.072      ; 0.669      ;
; 0.412 ; innerMedian:a_dev|innerMedian.med$16:med$16|innerMedian.med$16.init_fifo:init_fifo|memory[8][0]     ; innerMedian:a_dev|innerMedian.med$16:med$16|innerMedian.med$16.init_fifo:init_fifo|memory[8][0]        ; clk          ; clk         ; 0.000        ; 0.071      ; 0.669      ;
; 0.412 ; innerMedian:a_dev|innerMedian.med$16:med$16|innerMedian.med$16.init_fifo:init_fifo|_0_[0]           ; innerMedian:a_dev|innerMedian.med$16:med$16|innerMedian.med$16.init_fifo:init_fifo|_0_[0]              ; clk          ; clk         ; 0.000        ; 0.071      ; 0.669      ;
; 0.412 ; innerMedian:a_dev|innerMedian.med$16:med$16|innerMedian.med$16.init_fifo:init_fifo|memory[7][0]     ; innerMedian:a_dev|innerMedian.med$16:med$16|innerMedian.med$16.init_fifo:init_fifo|memory[7][0]        ; clk          ; clk         ; 0.000        ; 0.071      ; 0.669      ;
; 0.412 ; innerMedian:a_dev|innerMedian.med$16:med$16|innerMedian.med$16.init_fifo:init_fifo|memory[3][0]     ; innerMedian:a_dev|innerMedian.med$16:med$16|innerMedian.med$16.init_fifo:init_fifo|memory[3][0]        ; clk          ; clk         ; 0.000        ; 0.071      ; 0.669      ;
; 0.412 ; innerMedian:a_dev|innerMedian.med$16:med$16|innerMedian.med$16.init_fifo:init_fifo|memory[5][0]     ; innerMedian:a_dev|innerMedian.med$16:med$16|innerMedian.med$16.init_fifo:init_fifo|memory[5][0]        ; clk          ; clk         ; 0.000        ; 0.071      ; 0.669      ;
; 0.412 ; innerMedian:a_dev|innerMedian.med$16:med$16|innerMedian.med$16.init_fifo:init_fifo|memory[1][0]     ; innerMedian:a_dev|innerMedian.med$16:med$16|innerMedian.med$16.init_fifo:init_fifo|memory[1][0]        ; clk          ; clk         ; 0.000        ; 0.071      ; 0.669      ;
; 0.412 ; innerMedian:a_dev|innerMedian.med$16:med$16|innerMedian.med$16.init_fifo:init_fifo|memory[6][0]     ; innerMedian:a_dev|innerMedian.med$16:med$16|innerMedian.med$16.init_fifo:init_fifo|memory[6][0]        ; clk          ; clk         ; 0.000        ; 0.071      ; 0.669      ;
; 0.412 ; innerMedian:a_dev|innerMedian.med$16:med$16|innerMedian.med$16.init_fifo:init_fifo|memory[2][0]     ; innerMedian:a_dev|innerMedian.med$16:med$16|innerMedian.med$16.init_fifo:init_fifo|memory[2][0]        ; clk          ; clk         ; 0.000        ; 0.071      ; 0.669      ;
; 0.412 ; innerMedian:a_dev|innerMedian.med$16:med$16|innerMedian.med$16.init_fifo:init_fifo|w_addr[1]        ; innerMedian:a_dev|innerMedian.med$16:med$16|innerMedian.med$16.init_fifo:init_fifo|w_addr[1]           ; clk          ; clk         ; 0.000        ; 0.071      ; 0.669      ;
; 0.412 ; innerMedian:a_dev|innerMedian.med$16:med$16|innerMedian.med$16.init_fifo:init_fifo|memory[4][0]     ; innerMedian:a_dev|innerMedian.med$16:med$16|innerMedian.med$16.init_fifo:init_fifo|memory[4][0]        ; clk          ; clk         ; 0.000        ; 0.071      ; 0.669      ;
; 0.412 ; innerMedian:a_dev|innerMedian.med$16:med$16|innerMedian.med$16.init_fifo:init_fifo|memory[0][0]     ; innerMedian:a_dev|innerMedian.med$16:med$16|innerMedian.med$16.init_fifo:init_fifo|memory[0][0]        ; clk          ; clk         ; 0.000        ; 0.071      ; 0.669      ;
; 0.412 ; innerMedian:a_dev|innerMedian.med$16:med$16|fsm_state[2]                                            ; innerMedian:a_dev|innerMedian.med$16:med$16|fsm_state[2]                                               ; clk          ; clk         ; 0.000        ; 0.071      ; 0.669      ;
; 0.412 ; innerMedian:a_dev|innerMedian.med$16:med$16|fsm_state[0]                                            ; innerMedian:a_dev|innerMedian.med$16:med$16|fsm_state[0]                                               ; clk          ; clk         ; 0.000        ; 0.071      ; 0.669      ;
; 0.412 ; innerMedian:a_dev|innerMedian.med$16:med$16|clr_n$23                                                ; innerMedian:a_dev|innerMedian.med$16:med$16|clr_n$23                                                   ; clk          ; clk         ; 0.000        ; 0.071      ; 0.669      ;
; 0.412 ; innerMedian:a_dev|innerMedian.med$16:med$16|stable_counter[0]                                       ; innerMedian:a_dev|innerMedian.med$16:med$16|stable_counter[0]                                          ; clk          ; clk         ; 0.000        ; 0.071      ; 0.669      ;
; 0.412 ; innerMedian:a_dev|innerMedian.med$16:med$16|stable_counter[1]                                       ; innerMedian:a_dev|innerMedian.med$16:med$16|stable_counter[1]                                          ; clk          ; clk         ; 0.000        ; 0.071      ; 0.669      ;
; 0.412 ; innerMedian:a_dev|innerMedian.med$16:med$16|offset[3]                                               ; innerMedian:a_dev|innerMedian.med$16:med$16|offset[3]                                                  ; clk          ; clk         ; 0.000        ; 0.071      ; 0.669      ;
; 0.412 ; innerMedian:a_dev|innerMedian.med$16:med$16|clr_n$24                                                ; innerMedian:a_dev|innerMedian.med$16:med$16|clr_n$24                                                   ; clk          ; clk         ; 0.000        ; 0.071      ; 0.669      ;
; 0.412 ; innerMedian:a_dev|innerMedian.med$16:med$16|innerMedian.med$16.high_fifo:high_fifo|_0_[0]           ; innerMedian:a_dev|innerMedian.med$16:med$16|innerMedian.med$16.high_fifo:high_fifo|_0_[0]              ; clk          ; clk         ; 0.000        ; 0.071      ; 0.669      ;
; 0.412 ; innerMedian:a_dev|innerMedian.med$16:med$16|innerMedian.med$16.high_fifo:high_fifo|memory[8][0]     ; innerMedian:a_dev|innerMedian.med$16:med$16|innerMedian.med$16.high_fifo:high_fifo|memory[8][0]        ; clk          ; clk         ; 0.000        ; 0.071      ; 0.669      ;
; 0.412 ; innerMedian:a_dev|innerMedian.med$16:med$16|buffer[0]                                               ; innerMedian:a_dev|innerMedian.med$16:med$16|buffer[0]                                                  ; clk          ; clk         ; 0.000        ; 0.071      ; 0.669      ;
; 0.412 ; innerMedian:a_dev|innerMedian.med$16:med$16|innerMedian.med$16.init_fifo:init_fifo|r_addr[1]        ; innerMedian:a_dev|innerMedian.med$16:med$16|innerMedian.med$16.init_fifo:init_fifo|r_addr[1]           ; clk          ; clk         ; 0.000        ; 0.071      ; 0.669      ;
; 0.412 ; innerMedian:a_dev|innerMedian.med$16:med$16|innerMedian.med$16.low_fifo:low_fifo|r_addr[1]          ; innerMedian:a_dev|innerMedian.med$16:med$16|innerMedian.med$16.low_fifo:low_fifo|r_addr[1]             ; clk          ; clk         ; 0.000        ; 0.071      ; 0.669      ;
; 0.412 ; innerMedian:a_dev|innerMedian.med$16:med$16|innerMedian.med$16.low_fifo:low_fifo|w_addr[1]          ; innerMedian:a_dev|innerMedian.med$16:med$16|innerMedian.med$16.low_fifo:low_fifo|w_addr[1]             ; clk          ; clk         ; 0.000        ; 0.071      ; 0.669      ;
; 0.412 ; innerMedian:a_dev|innerMedian.med$16:med$16|innerMedian.med$16.high_fifo:high_fifo|w_addr[1]        ; innerMedian:a_dev|innerMedian.med$16:med$16|innerMedian.med$16.high_fifo:high_fifo|w_addr[1]           ; clk          ; clk         ; 0.000        ; 0.071      ; 0.669      ;
; 0.413 ; innerMedian:a_dev|innerMedian.med$16:med$16|pop$35                                                  ; innerMedian:a_dev|innerMedian.med$16:med$16|pop$35                                                     ; clk          ; clk         ; 0.000        ; 0.070      ; 0.669      ;
; 0.416 ; innerMedian:a_dev|innerMedian.med$16:med$16|innerMedian.med$16.high_fifo:high_fifo|r_addr[0]        ; innerMedian:a_dev|innerMedian.med$16:med$16|innerMedian.med$16.high_fifo:high_fifo|r_addr[0]           ; clk          ; clk         ; 0.000        ; 0.072      ; 0.674      ;
; 0.417 ; innerMedian:a_dev|innerMedian.med$16:med$16|innerMedian.med$16.init_fifo:init_fifo|w_addr[0]        ; innerMedian:a_dev|innerMedian.med$16:med$16|innerMedian.med$16.init_fifo:init_fifo|w_addr[0]           ; clk          ; clk         ; 0.000        ; 0.071      ; 0.674      ;
; 0.417 ; innerMedian:a_dev|innerMedian.med$16:med$16|innerMedian.med$16.init_fifo:init_fifo|r_addr[0]        ; innerMedian:a_dev|innerMedian.med$16:med$16|innerMedian.med$16.init_fifo:init_fifo|r_addr[0]           ; clk          ; clk         ; 0.000        ; 0.071      ; 0.674      ;
; 0.417 ; innerMedian:a_dev|innerMedian.med$16:med$16|innerMedian.med$16.low_fifo:low_fifo|r_addr[0]          ; innerMedian:a_dev|innerMedian.med$16:med$16|innerMedian.med$16.low_fifo:low_fifo|r_addr[0]             ; clk          ; clk         ; 0.000        ; 0.071      ; 0.674      ;
; 0.417 ; innerMedian:a_dev|innerMedian.med$16:med$16|innerMedian.med$16.low_fifo:low_fifo|w_addr[0]          ; innerMedian:a_dev|innerMedian.med$16:med$16|innerMedian.med$16.low_fifo:low_fifo|w_addr[0]             ; clk          ; clk         ; 0.000        ; 0.071      ; 0.674      ;
; 0.417 ; innerMedian:a_dev|innerMedian.med$16:med$16|innerMedian.med$16.high_fifo:high_fifo|w_addr[0]        ; innerMedian:a_dev|innerMedian.med$16:med$16|innerMedian.med$16.high_fifo:high_fifo|w_addr[0]           ; clk          ; clk         ; 0.000        ; 0.071      ; 0.674      ;
; 0.455 ; innerMedian:a_dev|innerMedian.med$16:med$16|innerMedian.med$16.low_fifo:low_fifo|r_addr[3]          ; innerMedian:a_dev|innerMedian.med$16:med$16|innerMedian.med$16.low_fifo:low_fifo|memory_r_addr$17[3]   ; clk          ; clk         ; 0.000        ; 0.071      ; 0.712      ;
; 0.459 ; innerMedian:a_dev|innerMedian.med$16:med$16|innerMedian.med$16.init_fifo:init_fifo|w_addr[0]        ; innerMedian:a_dev|innerMedian.med$16:med$16|innerMedian.med$16.init_fifo:init_fifo|w_addr[1]           ; clk          ; clk         ; 0.000        ; 0.071      ; 0.716      ;
; 0.461 ; innerMedian:a_dev|innerMedian.med$16:med$16|innerMedian.med$16.init_fifo:init_fifo|w_addr[2]        ; innerMedian:a_dev|innerMedian.med$16:med$16|innerMedian.med$16.init_fifo:init_fifo|memory_w_addr[2]    ; clk          ; clk         ; 0.000        ; 0.071      ; 0.718      ;
; 0.466 ; innerMedian:a_dev|innerMedian.med$16:med$16|innerMedian.med$16.low_fifo:low_fifo|r_addr[0]          ; innerMedian:a_dev|innerMedian.med$16:med$16|innerMedian.med$16.low_fifo:low_fifo|r_addr[1]             ; clk          ; clk         ; 0.000        ; 0.071      ; 0.723      ;
; 0.467 ; innerMedian:a_dev|innerMedian.med$16:med$16|innerMedian.med$16.init_fifo:init_fifo|w_addr[0]        ; innerMedian:a_dev|innerMedian.med$16:med$16|innerMedian.med$16.init_fifo:init_fifo|memory_w_addr[0]    ; clk          ; clk         ; 0.000        ; 0.071      ; 0.724      ;
; 0.474 ; innerMedian:a_dev|innerMedian.med$16:med$16|innerMedian.med$16.low_fifo:low_fifo|w_addr[0]          ; innerMedian:a_dev|innerMedian.med$16:med$16|innerMedian.med$16.low_fifo:low_fifo|w_addr[1]             ; clk          ; clk         ; 0.000        ; 0.071      ; 0.731      ;
; 0.578 ; innerMedian:a_dev|innerMedian.med$16:med$16|innerMedian.med$16.init_fifo:init_fifo|w_addr[3]        ; innerMedian:a_dev|innerMedian.med$16:med$16|innerMedian.med$16.init_fifo:init_fifo|memory_w_addr[3]    ; clk          ; clk         ; 0.000        ; 0.071      ; 0.835      ;
; 0.579 ; innerMedian:a_dev|innerMedian.med$16:med$16|innerMedian.med$16.init_fifo:init_fifo|r_addr[3]        ; innerMedian:a_dev|innerMedian.med$16:med$16|innerMedian.med$16.init_fifo:init_fifo|memory_r_addr$17[3] ; clk          ; clk         ; 0.000        ; 0.071      ; 0.836      ;
; 0.580 ; innerMedian:a_dev|innerMedian.med$16:med$16|innerMedian.med$16.high_fifo:high_fifo|r_addr[3]        ; innerMedian:a_dev|innerMedian.med$16:med$16|innerMedian.med$16.high_fifo:high_fifo|memory_r_addr$17[3] ; clk          ; clk         ; 0.000        ; 0.072      ; 0.838      ;
; 0.586 ; innerMedian:a_dev|innerMedian.med$16:med$16|innerMedian.med$16.high_fifo:high_fifo|w_addr[1]        ; innerMedian:a_dev|innerMedian.med$16:med$16|innerMedian.med$16.high_fifo:high_fifo|memory_w_addr[1]    ; clk          ; clk         ; 0.000        ; 0.071      ; 0.843      ;
; 0.587 ; innerMedian:a_dev|innerMedian.med$16:med$16|innerMedian.med$16.init_fifo:init_fifo|w_addr[1]        ; innerMedian:a_dev|innerMedian.med$16:med$16|innerMedian.med$16.init_fifo:init_fifo|memory_w_addr[1]    ; clk          ; clk         ; 0.000        ; 0.071      ; 0.844      ;
; 0.588 ; innerMedian:a_dev|innerMedian.med$16:med$16|innerMedian.med$16.low_fifo:low_fifo|w_addr[1]          ; innerMedian:a_dev|innerMedian.med$16:med$16|innerMedian.med$16.low_fifo:low_fifo|memory_w_addr[1]      ; clk          ; clk         ; 0.000        ; 0.071      ; 0.845      ;
; 0.671 ; innerMedian:a_dev|innerMedian.med$16:med$16|innerMedian.med$16.low_fifo:low_fifo|r_addr[2]          ; innerMedian:a_dev|innerMedian.med$16:med$16|innerMedian.med$16.low_fifo:low_fifo|memory_r_addr$17[2]   ; clk          ; clk         ; 0.000        ; 0.071      ; 0.928      ;
; 0.716 ; innerMedian:a_dev|innerMedian.med$16:med$16|innerMedian.med$16.high_fifo:high_fifo|w_addr[2]        ; innerMedian:a_dev|innerMedian.med$16:med$16|innerMedian.med$16.high_fifo:high_fifo|memory_w_addr[2]    ; clk          ; clk         ; 0.000        ; 0.071      ; 0.973      ;
; 0.718 ; innerMedian:a_dev|innerMedian.med$16:med$16|innerMedian.med$16.high_fifo:high_fifo|r_addr[2]        ; innerMedian:a_dev|innerMedian.med$16:med$16|innerMedian.med$16.high_fifo:high_fifo|memory_r_addr$17[2] ; clk          ; clk         ; 0.000        ; 0.072      ; 0.976      ;
; 0.748 ; innerMedian:a_dev|innerMedian.med$16:med$16|innerMedian.med$16.high_fifo:high_fifo|r_addr[0]        ; innerMedian:a_dev|innerMedian.med$16:med$16|innerMedian.med$16.high_fifo:high_fifo|r_addr[1]           ; clk          ; clk         ; 0.000        ; 0.072      ; 1.006      ;
; 0.749 ; innerMedian:a_dev|innerMedian.med$16:med$16|innerMedian.med$16.init_fifo:init_fifo|r_addr[0]        ; innerMedian:a_dev|innerMedian.med$16:med$16|innerMedian.med$16.init_fifo:init_fifo|r_addr[1]           ; clk          ; clk         ; 0.000        ; 0.071      ; 1.006      ;
; 0.780 ; innerMedian:a_dev|innerMedian.med$16:med$16|fsm_state[2]                                            ; innerMedian:a_dev|innerMedian.med$16:med$16|push$33                                                    ; clk          ; clk         ; 0.000        ; 0.071      ; 1.037      ;
; 0.784 ; innerMedian:a_dev|innerMedian.med$16:med$16|innerMedian.med$16.low_fifo:low_fifo|r_addr[1]          ; innerMedian:a_dev|innerMedian.med$16:med$16|innerMedian.med$16.low_fifo:low_fifo|memory_r_addr$17[1]   ; clk          ; clk         ; 0.000        ; 0.072      ; 1.042      ;
; 0.794 ; innerMedian:a_dev|innerMedian.med$16:med$16|innerMedian.med$16.low_fifo:low_fifo|r_addr[2]          ; innerMedian:a_dev|innerMedian.med$16:med$16|innerMedian.med$16.low_fifo:low_fifo|r_addr[3]             ; clk          ; clk         ; 0.000        ; 0.071      ; 1.051      ;
; 0.811 ; innerMedian:a_dev|innerMedian.med$16:med$16|index[3]                                                ; innerMedian:a_dev|innerMedian.med$16:med$16|index[3]                                                   ; clk          ; clk         ; 0.000        ; 0.070      ; 1.067      ;
; 0.838 ; innerMedian:a_dev|innerMedian.med$16:med$16|innerMedian.med$16.init_fifo:init_fifo|w_addr[0]        ; innerMedian:a_dev|innerMedian.med$16:med$16|innerMedian.med$16.init_fifo:init_fifo|w_addr[2]           ; clk          ; clk         ; 0.000        ; 0.071      ; 1.095      ;
; 0.839 ; innerMedian:a_dev|innerMedian.med$16:med$16|innerMedian.med$16.init_fifo:init_fifo|w_addr[0]        ; innerMedian:a_dev|innerMedian.med$16:med$16|innerMedian.med$16.init_fifo:init_fifo|w_addr[3]           ; clk          ; clk         ; 0.000        ; 0.071      ; 1.096      ;
; 0.845 ; innerMedian:a_dev|innerMedian.med$16:med$16|innerMedian.med$16.init_fifo:init_fifo|r_addr[1]        ; innerMedian:a_dev|innerMedian.med$16:med$16|innerMedian.med$16.init_fifo:init_fifo|r_addr[0]           ; clk          ; clk         ; 0.000        ; 0.071      ; 1.102      ;
; 0.846 ; innerMedian:a_dev|innerMedian.med$16:med$16|fsm_state[2]                                            ; innerMedian:a_dev|innerMedian.med$16:med$16|push$34                                                    ; clk          ; clk         ; 0.000        ; 0.071      ; 1.103      ;
; 0.846 ; innerMedian:a_dev|innerMedian.med$16:med$16|innerMedian.med$16.init_fifo:init_fifo|r_addr[1]        ; innerMedian:a_dev|innerMedian.med$16:med$16|innerMedian.med$16.init_fifo:init_fifo|r_addr[3]           ; clk          ; clk         ; 0.000        ; 0.071      ; 1.103      ;
; 0.846 ; innerMedian:a_dev|innerMedian.med$16:med$16|innerMedian.med$16.init_fifo:init_fifo|r_addr[1]        ; innerMedian:a_dev|innerMedian.med$16:med$16|innerMedian.med$16.init_fifo:init_fifo|r_addr[2]           ; clk          ; clk         ; 0.000        ; 0.071      ; 1.103      ;
; 0.847 ; innerMedian:a_dev|innerMedian.med$16:med$16|innerMedian.med$16.init_fifo:init_fifo|r_addr[1]        ; innerMedian:a_dev|innerMedian.med$16:med$16|innerMedian.med$16.init_fifo:init_fifo|memory_r_addr$17[1] ; clk          ; clk         ; 0.000        ; 0.067      ; 1.100      ;
; 0.857 ; innerMedian:a_dev|innerMedian.med$16:med$16|innerMedian.med$16.init_fifo:init_fifo|r_addr[2]        ; innerMedian:a_dev|innerMedian.med$16:med$16|innerMedian.med$16.init_fifo:init_fifo|memory_r_addr$17[2] ; clk          ; clk         ; 0.000        ; 0.085      ; 1.128      ;
; 0.864 ; innerMedian:a_dev|innerMedian.med$16:med$16|innerMedian.med$16.high_fifo:high_fifo|memory_w_addr[3] ; innerMedian:a_dev|innerMedian.med$16:med$16|innerMedian.med$16.high_fifo:high_fifo|memory[8][0]        ; clk          ; clk         ; 0.000        ; 0.072      ; 1.122      ;
; 0.903 ; innerMedian:a_dev|innerMedian.med$16:med$16|innerMedian.med$16.high_fifo:high_fifo|w_addr[0]        ; innerMedian:a_dev|innerMedian.med$16:med$16|innerMedian.med$16.high_fifo:high_fifo|w_addr[1]           ; clk          ; clk         ; 0.000        ; 0.071      ; 1.160      ;
; 0.906 ; innerMedian:a_dev|innerMedian.med$16:med$16|innerMedian.med$16.low_fifo:low_fifo|memory[8][0]       ; innerMedian:a_dev|innerMedian.med$16:med$16|innerMedian.med$16.low_fifo:low_fifo|_0_[0]                ; clk          ; clk         ; 0.000        ; 0.072      ; 1.164      ;
; 0.907 ; innerMedian:a_dev|innerMedian.med$16:med$16|innerMedian.med$16.init_fifo:init_fifo|r_addr[0]        ; innerMedian:a_dev|innerMedian.med$16:med$16|innerMedian.med$16.init_fifo:init_fifo|memory_r_addr$17[0] ; clk          ; clk         ; 0.000        ; 0.067      ; 1.160      ;
; 0.908 ; innerMedian:a_dev|innerMedian.med$16:med$16|innerMedian.med$16.low_fifo:low_fifo|memory_w_addr[3]   ; innerMedian:a_dev|innerMedian.med$16:med$16|innerMedian.med$16.low_fifo:low_fifo|memory[8][0]          ; clk          ; clk         ; 0.000        ; 0.072      ; 1.166      ;
; 0.922 ; innerMedian:a_dev|innerMedian.med$16:med$16|innerMedian.med$16.high_fifo:high_fifo|r_addr[0]        ; innerMedian:a_dev|innerMedian.med$16:med$16|innerMedian.med$16.high_fifo:high_fifo|memory_r_addr$17[0] ; clk          ; clk         ; 0.000        ; 0.072      ; 1.180      ;
; 0.942 ; innerMedian:a_dev|innerMedian.med$16:med$16|innerMedian.med$16.init_fifo:init_fifo|r_addr[3]        ; innerMedian:a_dev|innerMedian.med$16:med$16|innerMedian.med$16.init_fifo:init_fifo|r_addr[0]           ; clk          ; clk         ; 0.000        ; 0.071      ; 1.199      ;
; 0.943 ; innerMedian:a_dev|innerMedian.med$16:med$16|innerMedian.med$16.init_fifo:init_fifo|r_addr[3]        ; innerMedian:a_dev|innerMedian.med$16:med$16|innerMedian.med$16.init_fifo:init_fifo|r_addr[3]           ; clk          ; clk         ; 0.000        ; 0.071      ; 1.200      ;
; 0.943 ; innerMedian:a_dev|innerMedian.med$16:med$16|innerMedian.med$16.init_fifo:init_fifo|r_addr[3]        ; innerMedian:a_dev|innerMedian.med$16:med$16|innerMedian.med$16.init_fifo:init_fifo|r_addr[2]           ; clk          ; clk         ; 0.000        ; 0.071      ; 1.200      ;
; 0.946 ; innerMedian:a_dev|innerMedian.med$16:med$16|innerMedian.med$16.low_fifo:low_fifo|r_addr[1]          ; innerMedian:a_dev|innerMedian.med$16:med$16|innerMedian.med$16.low_fifo:low_fifo|r_addr[2]             ; clk          ; clk         ; 0.000        ; 0.071      ; 1.203      ;
; 0.946 ; innerMedian:a_dev|innerMedian.med$16:med$16|innerMedian.med$16.low_fifo:low_fifo|w_addr[2]          ; innerMedian:a_dev|innerMedian.med$16:med$16|innerMedian.med$16.low_fifo:low_fifo|w_addr[3]             ; clk          ; clk         ; 0.000        ; 0.071      ; 1.203      ;
; 0.954 ; innerMedian:a_dev|innerMedian.med$16:med$16|innerMedian.med$16.low_fifo:low_fifo|w_addr[0]          ; innerMedian:a_dev|innerMedian.med$16:med$16|innerMedian.med$16.low_fifo:low_fifo|w_addr[2]             ; clk          ; clk         ; 0.000        ; 0.071      ; 1.211      ;
; 0.955 ; innerMedian:a_dev|innerMedian.med$16:med$16|innerMedian.med$16.high_fifo:high_fifo|r_addr[0]        ; innerMedian:a_dev|innerMedian.med$16:med$16|innerMedian.med$16.high_fifo:high_fifo|r_addr[3]           ; clk          ; clk         ; 0.000        ; 0.072      ; 1.213      ;
; 0.955 ; innerMedian:a_dev|innerMedian.med$16:med$16|innerMedian.med$16.init_fifo:init_fifo|w_addr[1]        ; innerMedian:a_dev|innerMedian.med$16:med$16|innerMedian.med$16.init_fifo:init_fifo|w_addr[2]           ; clk          ; clk         ; 0.000        ; 0.071      ; 1.212      ;
; 0.956 ; innerMedian:a_dev|innerMedian.med$16:med$16|innerMedian.med$16.init_fifo:init_fifo|w_addr[1]        ; innerMedian:a_dev|innerMedian.med$16:med$16|innerMedian.med$16.init_fifo:init_fifo|w_addr[3]           ; clk          ; clk         ; 0.000        ; 0.071      ; 1.213      ;
; 0.957 ; innerMedian:a_dev|innerMedian.med$16:med$16|innerMedian.med$16.high_fifo:high_fifo|r_addr[0]        ; innerMedian:a_dev|innerMedian.med$16:med$16|innerMedian.med$16.high_fifo:high_fifo|r_addr[2]           ; clk          ; clk         ; 0.000        ; 0.072      ; 1.215      ;
; 0.957 ; innerMedian:a_dev|innerMedian.med$16:med$16|innerMedian.med$16.high_fifo:high_fifo|w_addr[1]        ; innerMedian:a_dev|innerMedian.med$16:med$16|innerMedian.med$16.high_fifo:high_fifo|w_addr[0]           ; clk          ; clk         ; 0.000        ; 0.071      ; 1.214      ;
; 0.958 ; innerMedian:a_dev|innerMedian.med$16:med$16|innerMedian.med$16.init_fifo:init_fifo|w_addr[1]        ; innerMedian:a_dev|innerMedian.med$16:med$16|innerMedian.med$16.init_fifo:init_fifo|w_addr[0]           ; clk          ; clk         ; 0.000        ; 0.071      ; 1.215      ;
; 0.963 ; innerMedian:a_dev|innerMedian.med$16:med$16|fsm_state[1]                                            ; innerMedian:a_dev|innerMedian.med$16:med$16|push                                                       ; clk          ; clk         ; 0.000        ; 0.070      ; 1.219      ;
; 0.980 ; innerMedian:a_dev|innerMedian.med$16:med$16|innerMedian.med$16.high_fifo:high_fifo|r_addr[1]        ; innerMedian:a_dev|innerMedian.med$16:med$16|innerMedian.med$16.high_fifo:high_fifo|memory_r_addr$17[1] ; clk          ; clk         ; 0.000        ; 0.072      ; 1.238      ;
+-------+-----------------------------------------------------------------------------------------------------+--------------------------------------------------------------------------------------------------------+--------------+-------------+--------------+------------+------------+


-----------------------------------------------
; Slow 1200mV 85C Model Metastability Summary ;
-----------------------------------------------
No synchronizer chains to report.


+--------------------------------------------------+
; Slow 1200mV 0C Model Fmax Summary                ;
+------------+-----------------+------------+------+
; Fmax       ; Restricted Fmax ; Clock Name ; Note ;
+------------+-----------------+------------+------+
; 224.47 MHz ; 224.47 MHz      ; clk        ;      ;
+------------+-----------------+------------+------+
This panel reports FMAX for every clock in the design, regardless of the user-specified clock periods.  FMAX is only computed for paths where the source and destination registers or ports are driven by the same clock.  Paths of different clocks, including generated clocks, are ignored.  For paths between a clock and its inversion, FMAX is computed as if the rising and falling edges are scaled along with FMAX, such that the duty cycle (in terms of a percentage) is maintained. Altera recommends that you always use clock constraints and other slack reports for sign-off analysis.


+------------------------------------+
; Slow 1200mV 0C Model Setup Summary ;
+-------+--------+-------------------+
; Clock ; Slack  ; End Point TNS     ;
+-------+--------+-------------------+
; clk   ; -3.455 ; -203.499          ;
+-------+--------+-------------------+


+-----------------------------------+
; Slow 1200mV 0C Model Hold Summary ;
+-------+-------+-------------------+
; Clock ; Slack ; End Point TNS     ;
+-------+-------+-------------------+
; clk   ; 0.361 ; 0.000             ;
+-------+-------+-------------------+


-----------------------------------------
; Slow 1200mV 0C Model Recovery Summary ;
-----------------------------------------
No paths to report.


----------------------------------------
; Slow 1200mV 0C Model Removal Summary ;
----------------------------------------
No paths to report.


+--------------------------------------------------+
; Slow 1200mV 0C Model Minimum Pulse Width Summary ;
+-------+--------+---------------------------------+
; Clock ; Slack  ; End Point TNS                   ;
+-------+--------+---------------------------------+
; clk   ; -3.000 ; -141.780                        ;
+-------+--------+---------------------------------+


+------------------------------------------------------------------------------------------------------------------------------------------------------------------------------------------------------------+
; Slow 1200mV 0C Model Setup: 'clk'                                                                                                                                                                          ;
+--------+---------------------------------------------------------------+-------------------------------------------------------------+--------------+-------------+--------------+------------+------------+
; Slack  ; From Node                                                     ; To Node                                                     ; Launch Clock ; Latch Clock ; Relationship ; Clock Skew ; Data Delay ;
+--------+---------------------------------------------------------------+-------------------------------------------------------------+--------------+-------------+--------------+------------+------------+
; -3.455 ; innerMedian:a_dev|innerMedian.med$16:med$16|fifo_counter[1]   ; innerMedian:a_dev|innerMedian.med$16:med$16|index[0]        ; clk          ; clk         ; 1.000        ; -0.450     ; 4.004      ;
; -3.455 ; innerMedian:a_dev|innerMedian.med$16:med$16|fifo_counter[1]   ; innerMedian:a_dev|innerMedian.med$16:med$16|index[3]        ; clk          ; clk         ; 1.000        ; -0.450     ; 4.004      ;
; -3.455 ; innerMedian:a_dev|innerMedian.med$16:med$16|fifo_counter[1]   ; innerMedian:a_dev|innerMedian.med$16:med$16|index[1]        ; clk          ; clk         ; 1.000        ; -0.450     ; 4.004      ;
; -3.455 ; innerMedian:a_dev|innerMedian.med$16:med$16|fifo_counter[1]   ; innerMedian:a_dev|innerMedian.med$16:med$16|index[2]        ; clk          ; clk         ; 1.000        ; -0.450     ; 4.004      ;
; -3.445 ; innerMedian:a_dev|innerMedian.med$16:med$16|fifo_counter[2]   ; innerMedian:a_dev|innerMedian.med$16:med$16|index[0]        ; clk          ; clk         ; 1.000        ; -0.450     ; 3.994      ;
; -3.445 ; innerMedian:a_dev|innerMedian.med$16:med$16|fifo_counter[2]   ; innerMedian:a_dev|innerMedian.med$16:med$16|index[3]        ; clk          ; clk         ; 1.000        ; -0.450     ; 3.994      ;
; -3.445 ; innerMedian:a_dev|innerMedian.med$16:med$16|fifo_counter[2]   ; innerMedian:a_dev|innerMedian.med$16:med$16|index[1]        ; clk          ; clk         ; 1.000        ; -0.450     ; 3.994      ;
; -3.445 ; innerMedian:a_dev|innerMedian.med$16:med$16|fifo_counter[2]   ; innerMedian:a_dev|innerMedian.med$16:med$16|index[2]        ; clk          ; clk         ; 1.000        ; -0.450     ; 3.994      ;
; -3.372 ; innerMedian:a_dev|innerMedian.med$16:med$16|fifo_counter[0]   ; innerMedian:a_dev|innerMedian.med$16:med$16|index[0]        ; clk          ; clk         ; 1.000        ; -0.450     ; 3.921      ;
; -3.372 ; innerMedian:a_dev|innerMedian.med$16:med$16|fifo_counter[0]   ; innerMedian:a_dev|innerMedian.med$16:med$16|index[3]        ; clk          ; clk         ; 1.000        ; -0.450     ; 3.921      ;
; -3.372 ; innerMedian:a_dev|innerMedian.med$16:med$16|fifo_counter[0]   ; innerMedian:a_dev|innerMedian.med$16:med$16|index[1]        ; clk          ; clk         ; 1.000        ; -0.450     ; 3.921      ;
; -3.372 ; innerMedian:a_dev|innerMedian.med$16:med$16|fifo_counter[0]   ; innerMedian:a_dev|innerMedian.med$16:med$16|index[2]        ; clk          ; clk         ; 1.000        ; -0.450     ; 3.921      ;
; -3.218 ; innerMedian:a_dev|innerMedian.med$16:med$16|fifo_counter[1]   ; innerMedian:a_dev|innerMedian.med$16:med$16|total[0]        ; clk          ; clk         ; 1.000        ; -0.460     ; 3.757      ;
; -3.218 ; innerMedian:a_dev|innerMedian.med$16:med$16|fifo_counter[1]   ; innerMedian:a_dev|innerMedian.med$16:med$16|total[1]        ; clk          ; clk         ; 1.000        ; -0.460     ; 3.757      ;
; -3.218 ; innerMedian:a_dev|innerMedian.med$16:med$16|fifo_counter[1]   ; innerMedian:a_dev|innerMedian.med$16:med$16|total[2]        ; clk          ; clk         ; 1.000        ; -0.460     ; 3.757      ;
; -3.208 ; innerMedian:a_dev|innerMedian.med$16:med$16|fifo_counter[2]   ; innerMedian:a_dev|innerMedian.med$16:med$16|total[0]        ; clk          ; clk         ; 1.000        ; -0.460     ; 3.747      ;
; -3.208 ; innerMedian:a_dev|innerMedian.med$16:med$16|fifo_counter[2]   ; innerMedian:a_dev|innerMedian.med$16:med$16|total[1]        ; clk          ; clk         ; 1.000        ; -0.460     ; 3.747      ;
; -3.208 ; innerMedian:a_dev|innerMedian.med$16:med$16|fifo_counter[2]   ; innerMedian:a_dev|innerMedian.med$16:med$16|total[2]        ; clk          ; clk         ; 1.000        ; -0.460     ; 3.747      ;
; -3.204 ; innerMedian:a_dev|innerMedian.med$16:med$16|offset[2]         ; innerMedian:a_dev|innerMedian.med$16:med$16|fifo_counter[1] ; clk          ; clk         ; 1.000        ; 0.310      ; 4.513      ;
; -3.204 ; innerMedian:a_dev|innerMedian.med$16:med$16|offset[2]         ; innerMedian:a_dev|innerMedian.med$16:med$16|fifo_counter[0] ; clk          ; clk         ; 1.000        ; 0.310      ; 4.513      ;
; -3.204 ; innerMedian:a_dev|innerMedian.med$16:med$16|offset[2]         ; innerMedian:a_dev|innerMedian.med$16:med$16|fifo_counter[2] ; clk          ; clk         ; 1.000        ; 0.310      ; 4.513      ;
; -3.200 ; innerMedian:a_dev|innerMedian.med$16:med$16|offset[1]         ; innerMedian:a_dev|innerMedian.med$16:med$16|fifo_counter[1] ; clk          ; clk         ; 1.000        ; 0.310      ; 4.509      ;
; -3.200 ; innerMedian:a_dev|innerMedian.med$16:med$16|offset[1]         ; innerMedian:a_dev|innerMedian.med$16:med$16|fifo_counter[0] ; clk          ; clk         ; 1.000        ; 0.310      ; 4.509      ;
; -3.200 ; innerMedian:a_dev|innerMedian.med$16:med$16|offset[1]         ; innerMedian:a_dev|innerMedian.med$16:med$16|fifo_counter[2] ; clk          ; clk         ; 1.000        ; 0.310      ; 4.509      ;
; -3.135 ; innerMedian:a_dev|innerMedian.med$16:med$16|fifo_counter[0]   ; innerMedian:a_dev|innerMedian.med$16:med$16|total[0]        ; clk          ; clk         ; 1.000        ; -0.460     ; 3.674      ;
; -3.135 ; innerMedian:a_dev|innerMedian.med$16:med$16|fifo_counter[0]   ; innerMedian:a_dev|innerMedian.med$16:med$16|total[1]        ; clk          ; clk         ; 1.000        ; -0.460     ; 3.674      ;
; -3.135 ; innerMedian:a_dev|innerMedian.med$16:med$16|fifo_counter[0]   ; innerMedian:a_dev|innerMedian.med$16:med$16|total[2]        ; clk          ; clk         ; 1.000        ; -0.460     ; 3.674      ;
; -3.066 ; innerMedian:a_dev|innerMedian.med$16:med$16|fsm_state[2]      ; innerMedian:a_dev|innerMedian.med$16:med$16|index[0]        ; clk          ; clk         ; 1.000        ; -0.083     ; 3.982      ;
; -3.066 ; innerMedian:a_dev|innerMedian.med$16:med$16|fsm_state[2]      ; innerMedian:a_dev|innerMedian.med$16:med$16|index[3]        ; clk          ; clk         ; 1.000        ; -0.083     ; 3.982      ;
; -3.066 ; innerMedian:a_dev|innerMedian.med$16:med$16|fsm_state[2]      ; innerMedian:a_dev|innerMedian.med$16:med$16|index[1]        ; clk          ; clk         ; 1.000        ; -0.083     ; 3.982      ;
; -3.066 ; innerMedian:a_dev|innerMedian.med$16:med$16|fsm_state[2]      ; innerMedian:a_dev|innerMedian.med$16:med$16|index[2]        ; clk          ; clk         ; 1.000        ; -0.083     ; 3.982      ;
; -3.058 ; innerMedian:a_dev|innerMedian.med$16:med$16|total[0]          ; innerMedian:a_dev|innerMedian.med$16:med$16|fifo_counter[1] ; clk          ; clk         ; 1.000        ; 0.319      ; 4.376      ;
; -3.058 ; innerMedian:a_dev|innerMedian.med$16:med$16|total[0]          ; innerMedian:a_dev|innerMedian.med$16:med$16|fifo_counter[0] ; clk          ; clk         ; 1.000        ; 0.319      ; 4.376      ;
; -3.058 ; innerMedian:a_dev|innerMedian.med$16:med$16|total[0]          ; innerMedian:a_dev|innerMedian.med$16:med$16|fifo_counter[2] ; clk          ; clk         ; 1.000        ; 0.319      ; 4.376      ;
; -3.052 ; innerMedian:a_dev|innerMedian.med$16:med$16|offset[0]         ; innerMedian:a_dev|innerMedian.med$16:med$16|fifo_counter[1] ; clk          ; clk         ; 1.000        ; 0.310      ; 4.361      ;
; -3.052 ; innerMedian:a_dev|innerMedian.med$16:med$16|offset[0]         ; innerMedian:a_dev|innerMedian.med$16:med$16|fifo_counter[0] ; clk          ; clk         ; 1.000        ; 0.310      ; 4.361      ;
; -3.052 ; innerMedian:a_dev|innerMedian.med$16:med$16|offset[0]         ; innerMedian:a_dev|innerMedian.med$16:med$16|fifo_counter[2] ; clk          ; clk         ; 1.000        ; 0.310      ; 4.361      ;
; -3.044 ; innerMedian:a_dev|innerMedian.med$16:med$16|fifo_counter[1]   ; innerMedian:a_dev|innerMedian.med$16:med$16|offset[0]       ; clk          ; clk         ; 1.000        ; -0.451     ; 3.592      ;
; -3.044 ; innerMedian:a_dev|innerMedian.med$16:med$16|fifo_counter[1]   ; innerMedian:a_dev|innerMedian.med$16:med$16|offset[1]       ; clk          ; clk         ; 1.000        ; -0.451     ; 3.592      ;
; -3.044 ; innerMedian:a_dev|innerMedian.med$16:med$16|fifo_counter[1]   ; innerMedian:a_dev|innerMedian.med$16:med$16|offset[2]       ; clk          ; clk         ; 1.000        ; -0.451     ; 3.592      ;
; -3.029 ; innerMedian:a_dev|innerMedian.med$16:med$16|fifo_counter[2]   ; innerMedian:a_dev|innerMedian.med$16:med$16|offset[0]       ; clk          ; clk         ; 1.000        ; -0.451     ; 3.577      ;
; -3.029 ; innerMedian:a_dev|innerMedian.med$16:med$16|fifo_counter[2]   ; innerMedian:a_dev|innerMedian.med$16:med$16|offset[1]       ; clk          ; clk         ; 1.000        ; -0.451     ; 3.577      ;
; -3.029 ; innerMedian:a_dev|innerMedian.med$16:med$16|fifo_counter[2]   ; innerMedian:a_dev|innerMedian.med$16:med$16|offset[2]       ; clk          ; clk         ; 1.000        ; -0.451     ; 3.577      ;
; -3.000 ; innerMedian:a_dev|innerMedian.med$16:med$16|index[0]          ; innerMedian:a_dev|innerMedian.med$16:med$16|fifo_counter[1] ; clk          ; clk         ; 1.000        ; 0.309      ; 4.308      ;
; -3.000 ; innerMedian:a_dev|innerMedian.med$16:med$16|index[0]          ; innerMedian:a_dev|innerMedian.med$16:med$16|fifo_counter[0] ; clk          ; clk         ; 1.000        ; 0.309      ; 4.308      ;
; -3.000 ; innerMedian:a_dev|innerMedian.med$16:med$16|index[0]          ; innerMedian:a_dev|innerMedian.med$16:med$16|fifo_counter[2] ; clk          ; clk         ; 1.000        ; 0.309      ; 4.308      ;
; -2.999 ; innerMedian:a_dev|innerMedian.med$16:med$16|index[0]          ; innerMedian:a_dev|innerMedian.med$16:med$16|fifo_counter[3] ; clk          ; clk         ; 1.000        ; -0.071     ; 3.927      ;
; -2.995 ; innerMedian:a_dev|innerMedian.med$16:med$16|stable_counter[1] ; innerMedian:a_dev|innerMedian.med$16:med$16|fifo_counter[3] ; clk          ; clk         ; 1.000        ; -0.087     ; 3.907      ;
; -2.994 ; innerMedian:a_dev|innerMedian.med$16:med$16|fifo_counter[1]   ; innerMedian:a_dev|innerMedian.med$16:med$16|fifo_counter[1] ; clk          ; clk         ; 1.000        ; -0.078     ; 3.915      ;
; -2.994 ; innerMedian:a_dev|innerMedian.med$16:med$16|fifo_counter[1]   ; innerMedian:a_dev|innerMedian.med$16:med$16|fifo_counter[0] ; clk          ; clk         ; 1.000        ; -0.078     ; 3.915      ;
; -2.994 ; innerMedian:a_dev|innerMedian.med$16:med$16|fifo_counter[1]   ; innerMedian:a_dev|innerMedian.med$16:med$16|fifo_counter[2] ; clk          ; clk         ; 1.000        ; -0.078     ; 3.915      ;
; -2.993 ; innerMedian:a_dev|innerMedian.med$16:med$16|index[1]          ; innerMedian:a_dev|innerMedian.med$16:med$16|fifo_counter[1] ; clk          ; clk         ; 1.000        ; 0.309      ; 4.301      ;
; -2.993 ; innerMedian:a_dev|innerMedian.med$16:med$16|index[1]          ; innerMedian:a_dev|innerMedian.med$16:med$16|fifo_counter[0] ; clk          ; clk         ; 1.000        ; 0.309      ; 4.301      ;
; -2.993 ; innerMedian:a_dev|innerMedian.med$16:med$16|index[1]          ; innerMedian:a_dev|innerMedian.med$16:med$16|fifo_counter[2] ; clk          ; clk         ; 1.000        ; 0.309      ; 4.301      ;
; -2.984 ; innerMedian:a_dev|innerMedian.med$16:med$16|fifo_counter[2]   ; innerMedian:a_dev|innerMedian.med$16:med$16|fifo_counter[1] ; clk          ; clk         ; 1.000        ; -0.078     ; 3.905      ;
; -2.984 ; innerMedian:a_dev|innerMedian.med$16:med$16|fifo_counter[2]   ; innerMedian:a_dev|innerMedian.med$16:med$16|fifo_counter[0] ; clk          ; clk         ; 1.000        ; -0.078     ; 3.905      ;
; -2.984 ; innerMedian:a_dev|innerMedian.med$16:med$16|fifo_counter[2]   ; innerMedian:a_dev|innerMedian.med$16:med$16|fifo_counter[2] ; clk          ; clk         ; 1.000        ; -0.078     ; 3.905      ;
; -2.979 ; innerMedian:a_dev|innerMedian.med$16:med$16|fifo_counter[0]   ; innerMedian:a_dev|innerMedian.med$16:med$16|offset[0]       ; clk          ; clk         ; 1.000        ; -0.451     ; 3.527      ;
; -2.979 ; innerMedian:a_dev|innerMedian.med$16:med$16|fifo_counter[0]   ; innerMedian:a_dev|innerMedian.med$16:med$16|offset[1]       ; clk          ; clk         ; 1.000        ; -0.451     ; 3.527      ;
; -2.979 ; innerMedian:a_dev|innerMedian.med$16:med$16|fifo_counter[0]   ; innerMedian:a_dev|innerMedian.med$16:med$16|offset[2]       ; clk          ; clk         ; 1.000        ; -0.451     ; 3.527      ;
; -2.973 ; innerMedian:a_dev|innerMedian.med$16:med$16|total[1]          ; innerMedian:a_dev|innerMedian.med$16:med$16|fifo_counter[1] ; clk          ; clk         ; 1.000        ; 0.319      ; 4.291      ;
; -2.973 ; innerMedian:a_dev|innerMedian.med$16:med$16|total[1]          ; innerMedian:a_dev|innerMedian.med$16:med$16|fifo_counter[0] ; clk          ; clk         ; 1.000        ; 0.319      ; 4.291      ;
; -2.973 ; innerMedian:a_dev|innerMedian.med$16:med$16|total[1]          ; innerMedian:a_dev|innerMedian.med$16:med$16|fifo_counter[2] ; clk          ; clk         ; 1.000        ; 0.319      ; 4.291      ;
; -2.970 ; innerMedian:a_dev|innerMedian.med$16:med$16|index[1]          ; innerMedian:a_dev|innerMedian.med$16:med$16|fifo_counter[3] ; clk          ; clk         ; 1.000        ; -0.071     ; 3.898      ;
; -2.963 ; innerMedian:a_dev|innerMedian.med$16:med$16|fifo_counter[3]   ; innerMedian:a_dev|innerMedian.med$16:med$16|index[0]        ; clk          ; clk         ; 1.000        ; -0.055     ; 3.907      ;
; -2.963 ; innerMedian:a_dev|innerMedian.med$16:med$16|fifo_counter[3]   ; innerMedian:a_dev|innerMedian.med$16:med$16|index[3]        ; clk          ; clk         ; 1.000        ; -0.055     ; 3.907      ;
; -2.963 ; innerMedian:a_dev|innerMedian.med$16:med$16|fifo_counter[3]   ; innerMedian:a_dev|innerMedian.med$16:med$16|index[1]        ; clk          ; clk         ; 1.000        ; -0.055     ; 3.907      ;
; -2.963 ; innerMedian:a_dev|innerMedian.med$16:med$16|fifo_counter[3]   ; innerMedian:a_dev|innerMedian.med$16:med$16|index[2]        ; clk          ; clk         ; 1.000        ; -0.055     ; 3.907      ;
; -2.931 ; innerMedian:a_dev|innerMedian.med$16:med$16|offset[3]         ; innerMedian:a_dev|innerMedian.med$16:med$16|fifo_counter[1] ; clk          ; clk         ; 1.000        ; 0.310      ; 4.240      ;
; -2.931 ; innerMedian:a_dev|innerMedian.med$16:med$16|offset[3]         ; innerMedian:a_dev|innerMedian.med$16:med$16|fifo_counter[0] ; clk          ; clk         ; 1.000        ; 0.310      ; 4.240      ;
; -2.931 ; innerMedian:a_dev|innerMedian.med$16:med$16|offset[3]         ; innerMedian:a_dev|innerMedian.med$16:med$16|fifo_counter[2] ; clk          ; clk         ; 1.000        ; 0.310      ; 4.240      ;
; -2.912 ; innerMedian:a_dev|innerMedian.med$16:med$16|fsm_state[1]      ; innerMedian:a_dev|innerMedian.med$16:med$16|offset[2]       ; clk          ; clk         ; 1.000        ; -0.056     ; 3.855      ;
; -2.911 ; innerMedian:a_dev|innerMedian.med$16:med$16|fifo_counter[0]   ; innerMedian:a_dev|innerMedian.med$16:med$16|fifo_counter[1] ; clk          ; clk         ; 1.000        ; -0.078     ; 3.832      ;
; -2.911 ; innerMedian:a_dev|innerMedian.med$16:med$16|fifo_counter[0]   ; innerMedian:a_dev|innerMedian.med$16:med$16|fifo_counter[0] ; clk          ; clk         ; 1.000        ; -0.078     ; 3.832      ;
; -2.911 ; innerMedian:a_dev|innerMedian.med$16:med$16|fifo_counter[0]   ; innerMedian:a_dev|innerMedian.med$16:med$16|fifo_counter[2] ; clk          ; clk         ; 1.000        ; -0.078     ; 3.832      ;
; -2.891 ; innerMedian:a_dev|innerMedian.med$16:med$16|stable_counter[1] ; innerMedian:a_dev|innerMedian.med$16:med$16|index[0]        ; clk          ; clk         ; 1.000        ; -0.079     ; 3.811      ;
; -2.891 ; innerMedian:a_dev|innerMedian.med$16:med$16|stable_counter[1] ; innerMedian:a_dev|innerMedian.med$16:med$16|index[3]        ; clk          ; clk         ; 1.000        ; -0.079     ; 3.811      ;
; -2.891 ; innerMedian:a_dev|innerMedian.med$16:med$16|stable_counter[1] ; innerMedian:a_dev|innerMedian.med$16:med$16|index[1]        ; clk          ; clk         ; 1.000        ; -0.079     ; 3.811      ;
; -2.891 ; innerMedian:a_dev|innerMedian.med$16:med$16|stable_counter[1] ; innerMedian:a_dev|innerMedian.med$16:med$16|index[2]        ; clk          ; clk         ; 1.000        ; -0.079     ; 3.811      ;
; -2.875 ; innerMedian:a_dev|innerMedian.med$16:med$16|fsm_state[1]      ; innerMedian:a_dev|innerMedian.med$16:med$16|offset[3]       ; clk          ; clk         ; 1.000        ; -0.056     ; 3.818      ;
; -2.868 ; innerMedian:a_dev|innerMedian.med$16:med$16|fifo_counter[0]   ; innerMedian:a_dev|innerMedian.med$16:med$16|pop$36          ; clk          ; clk         ; 1.000        ; -0.451     ; 3.416      ;
; -2.862 ; innerMedian:a_dev|innerMedian.med$16:med$16|offset[2]         ; innerMedian:a_dev|innerMedian.med$16:med$16|fsm_state[0]    ; clk          ; clk         ; 1.000        ; -0.044     ; 3.817      ;
; -2.862 ; innerMedian:a_dev|innerMedian.med$16:med$16|stable_counter[1] ; innerMedian:a_dev|innerMedian.med$16:med$16|total[0]        ; clk          ; clk         ; 1.000        ; -0.089     ; 3.772      ;
; -2.862 ; innerMedian:a_dev|innerMedian.med$16:med$16|stable_counter[1] ; innerMedian:a_dev|innerMedian.med$16:med$16|total[1]        ; clk          ; clk         ; 1.000        ; -0.089     ; 3.772      ;
; -2.862 ; innerMedian:a_dev|innerMedian.med$16:med$16|stable_counter[1] ; innerMedian:a_dev|innerMedian.med$16:med$16|total[2]        ; clk          ; clk         ; 1.000        ; -0.089     ; 3.772      ;
; -2.860 ; innerMedian:a_dev|innerMedian.med$16:med$16|total[0]          ; innerMedian:a_dev|innerMedian.med$16:med$16|fifo_counter[3] ; clk          ; clk         ; 1.000        ; -0.061     ; 3.798      ;
; -2.858 ; innerMedian:a_dev|innerMedian.med$16:med$16|offset[1]         ; innerMedian:a_dev|innerMedian.med$16:med$16|fsm_state[0]    ; clk          ; clk         ; 1.000        ; -0.044     ; 3.813      ;
; -2.843 ; innerMedian:a_dev|innerMedian.med$16:med$16|stable_counter[0] ; innerMedian:a_dev|innerMedian.med$16:med$16|fifo_counter[3] ; clk          ; clk         ; 1.000        ; -0.087     ; 3.755      ;
; -2.837 ; innerMedian:a_dev|innerMedian.med$16:med$16|offset[2]         ; innerMedian:a_dev|innerMedian.med$16:med$16|fsm_state[2]    ; clk          ; clk         ; 1.000        ; -0.044     ; 3.792      ;
; -2.833 ; innerMedian:a_dev|innerMedian.med$16:med$16|offset[1]         ; innerMedian:a_dev|innerMedian.med$16:med$16|fsm_state[2]    ; clk          ; clk         ; 1.000        ; -0.044     ; 3.788      ;
; -2.829 ; innerMedian:a_dev|innerMedian.med$16:med$16|fsm_state[2]      ; innerMedian:a_dev|innerMedian.med$16:med$16|total[0]        ; clk          ; clk         ; 1.000        ; -0.093     ; 3.735      ;
; -2.829 ; innerMedian:a_dev|innerMedian.med$16:med$16|fsm_state[2]      ; innerMedian:a_dev|innerMedian.med$16:med$16|total[1]        ; clk          ; clk         ; 1.000        ; -0.093     ; 3.735      ;
; -2.829 ; innerMedian:a_dev|innerMedian.med$16:med$16|fsm_state[2]      ; innerMedian:a_dev|innerMedian.med$16:med$16|total[2]        ; clk          ; clk         ; 1.000        ; -0.093     ; 3.735      ;
; -2.826 ; innerMedian:a_dev|innerMedian.med$16:med$16|fsm_state[1]      ; innerMedian:a_dev|innerMedian.med$16:med$16|index[0]        ; clk          ; clk         ; 1.000        ; -0.055     ; 3.770      ;
; -2.826 ; innerMedian:a_dev|innerMedian.med$16:med$16|fsm_state[1]      ; innerMedian:a_dev|innerMedian.med$16:med$16|index[3]        ; clk          ; clk         ; 1.000        ; -0.055     ; 3.770      ;
; -2.826 ; innerMedian:a_dev|innerMedian.med$16:med$16|fsm_state[1]      ; innerMedian:a_dev|innerMedian.med$16:med$16|index[1]        ; clk          ; clk         ; 1.000        ; -0.055     ; 3.770      ;
; -2.826 ; innerMedian:a_dev|innerMedian.med$16:med$16|fsm_state[1]      ; innerMedian:a_dev|innerMedian.med$16:med$16|index[2]        ; clk          ; clk         ; 1.000        ; -0.055     ; 3.770      ;
; -2.813 ; innerMedian:a_dev|innerMedian.med$16:med$16|fsm_state[0]      ; innerMedian:a_dev|innerMedian.med$16:med$16|offset[2]       ; clk          ; clk         ; 1.000        ; -0.084     ; 3.728      ;
; -2.810 ; innerMedian:a_dev|innerMedian.med$16:med$16|index[2]          ; innerMedian:a_dev|innerMedian.med$16:med$16|fifo_counter[1] ; clk          ; clk         ; 1.000        ; 0.309      ; 4.118      ;
; -2.810 ; innerMedian:a_dev|innerMedian.med$16:med$16|index[2]          ; innerMedian:a_dev|innerMedian.med$16:med$16|fifo_counter[0] ; clk          ; clk         ; 1.000        ; 0.309      ; 4.118      ;
+--------+---------------------------------------------------------------+-------------------------------------------------------------+--------------+-------------+--------------+------------+------------+


+--------------------------------------------------------------------------------------------------------------------------------------------------------------------------------------------------------------------------------------------------------------------------------------------+
; Slow 1200mV 0C Model Hold: 'clk'                                                                                                                                                                                                                                                           ;
+-------+-----------------------------------------------------------------------------------------------------+--------------------------------------------------------------------------------------------------------+--------------+-------------+--------------+------------+------------+
; Slack ; From Node                                                                                           ; To Node                                                                                                ; Launch Clock ; Latch Clock ; Relationship ; Clock Skew ; Data Delay ;
+-------+-----------------------------------------------------------------------------------------------------+--------------------------------------------------------------------------------------------------------+--------------+-------------+--------------+------------+------------+
; 0.361 ; innerMedian:a_dev|innerMedian.med$16:med$16|fsm_state[2]                                            ; innerMedian:a_dev|innerMedian.med$16:med$16|fsm_state[2]                                               ; clk          ; clk         ; 0.000        ; 0.065      ; 0.597      ;
; 0.361 ; innerMedian:a_dev|innerMedian.med$16:med$16|fsm_state[0]                                            ; innerMedian:a_dev|innerMedian.med$16:med$16|fsm_state[0]                                               ; clk          ; clk         ; 0.000        ; 0.065      ; 0.597      ;
; 0.361 ; innerMedian:a_dev|innerMedian.med$16:med$16|innerMedian.med$16.high_fifo:high_fifo|memory[1][0]     ; innerMedian:a_dev|innerMedian.med$16:med$16|innerMedian.med$16.high_fifo:high_fifo|memory[1][0]        ; clk          ; clk         ; 0.000        ; 0.065      ; 0.597      ;
; 0.361 ; innerMedian:a_dev|innerMedian.med$16:med$16|innerMedian.med$16.high_fifo:high_fifo|memory[0][0]     ; innerMedian:a_dev|innerMedian.med$16:med$16|innerMedian.med$16.high_fifo:high_fifo|memory[0][0]        ; clk          ; clk         ; 0.000        ; 0.065      ; 0.597      ;
; 0.361 ; innerMedian:a_dev|innerMedian.med$16:med$16|innerMedian.med$16.high_fifo:high_fifo|memory[3][0]     ; innerMedian:a_dev|innerMedian.med$16:med$16|innerMedian.med$16.high_fifo:high_fifo|memory[3][0]        ; clk          ; clk         ; 0.000        ; 0.065      ; 0.597      ;
; 0.361 ; innerMedian:a_dev|innerMedian.med$16:med$16|innerMedian.med$16.high_fifo:high_fifo|memory[2][0]     ; innerMedian:a_dev|innerMedian.med$16:med$16|innerMedian.med$16.high_fifo:high_fifo|memory[2][0]        ; clk          ; clk         ; 0.000        ; 0.065      ; 0.597      ;
; 0.361 ; innerMedian:a_dev|innerMedian.med$16:med$16|innerMedian.med$16.high_fifo:high_fifo|memory[4][0]     ; innerMedian:a_dev|innerMedian.med$16:med$16|innerMedian.med$16.high_fifo:high_fifo|memory[4][0]        ; clk          ; clk         ; 0.000        ; 0.065      ; 0.597      ;
; 0.361 ; innerMedian:a_dev|innerMedian.med$16:med$16|innerMedian.med$16.high_fifo:high_fifo|memory[6][0]     ; innerMedian:a_dev|innerMedian.med$16:med$16|innerMedian.med$16.high_fifo:high_fifo|memory[6][0]        ; clk          ; clk         ; 0.000        ; 0.065      ; 0.597      ;
; 0.361 ; innerMedian:a_dev|innerMedian.med$16:med$16|innerMedian.med$16.high_fifo:high_fifo|memory[7][0]     ; innerMedian:a_dev|innerMedian.med$16:med$16|innerMedian.med$16.high_fifo:high_fifo|memory[7][0]        ; clk          ; clk         ; 0.000        ; 0.065      ; 0.597      ;
; 0.361 ; innerMedian:a_dev|innerMedian.med$16:med$16|innerMedian.med$16.high_fifo:high_fifo|memory[5][0]     ; innerMedian:a_dev|innerMedian.med$16:med$16|innerMedian.med$16.high_fifo:high_fifo|memory[5][0]        ; clk          ; clk         ; 0.000        ; 0.065      ; 0.597      ;
; 0.361 ; innerMedian:a_dev|innerMedian.med$16:med$16|innerMedian.med$16.low_fifo:low_fifo|_0_[0]             ; innerMedian:a_dev|innerMedian.med$16:med$16|innerMedian.med$16.low_fifo:low_fifo|_0_[0]                ; clk          ; clk         ; 0.000        ; 0.065      ; 0.597      ;
; 0.361 ; innerMedian:a_dev|innerMedian.med$16:med$16|innerMedian.med$16.low_fifo:low_fifo|memory[8][0]       ; innerMedian:a_dev|innerMedian.med$16:med$16|innerMedian.med$16.low_fifo:low_fifo|memory[8][0]          ; clk          ; clk         ; 0.000        ; 0.065      ; 0.597      ;
; 0.361 ; innerMedian:a_dev|innerMedian.med$16:med$16|innerMedian.med$16.low_fifo:low_fifo|w_addr[1]          ; innerMedian:a_dev|innerMedian.med$16:med$16|innerMedian.med$16.low_fifo:low_fifo|w_addr[1]             ; clk          ; clk         ; 0.000        ; 0.065      ; 0.597      ;
; 0.362 ; innerMedian:a_dev|innerMedian.med$16:med$16|innerMedian.med$16.init_fifo:init_fifo|w_addr[1]        ; innerMedian:a_dev|innerMedian.med$16:med$16|innerMedian.med$16.init_fifo:init_fifo|w_addr[1]           ; clk          ; clk         ; 0.000        ; 0.064      ; 0.597      ;
; 0.362 ; innerMedian:a_dev|innerMedian.med$16:med$16|clr_n$23                                                ; innerMedian:a_dev|innerMedian.med$16:med$16|clr_n$23                                                   ; clk          ; clk         ; 0.000        ; 0.064      ; 0.597      ;
; 0.362 ; innerMedian:a_dev|innerMedian.med$16:med$16|stable_counter[0]                                       ; innerMedian:a_dev|innerMedian.med$16:med$16|stable_counter[0]                                          ; clk          ; clk         ; 0.000        ; 0.064      ; 0.597      ;
; 0.362 ; innerMedian:a_dev|innerMedian.med$16:med$16|stable_counter[1]                                       ; innerMedian:a_dev|innerMedian.med$16:med$16|stable_counter[1]                                          ; clk          ; clk         ; 0.000        ; 0.064      ; 0.597      ;
; 0.362 ; innerMedian:a_dev|innerMedian.med$16:med$16|innerMedian.med$16.high_fifo:high_fifo|_0_[0]           ; innerMedian:a_dev|innerMedian.med$16:med$16|innerMedian.med$16.high_fifo:high_fifo|_0_[0]              ; clk          ; clk         ; 0.000        ; 0.064      ; 0.597      ;
; 0.362 ; innerMedian:a_dev|innerMedian.med$16:med$16|innerMedian.med$16.high_fifo:high_fifo|memory[8][0]     ; innerMedian:a_dev|innerMedian.med$16:med$16|innerMedian.med$16.high_fifo:high_fifo|memory[8][0]        ; clk          ; clk         ; 0.000        ; 0.064      ; 0.597      ;
; 0.362 ; innerMedian:a_dev|innerMedian.med$16:med$16|innerMedian.med$16.low_fifo:low_fifo|memory[6][0]       ; innerMedian:a_dev|innerMedian.med$16:med$16|innerMedian.med$16.low_fifo:low_fifo|memory[6][0]          ; clk          ; clk         ; 0.000        ; 0.064      ; 0.597      ;
; 0.362 ; innerMedian:a_dev|innerMedian.med$16:med$16|innerMedian.med$16.low_fifo:low_fifo|memory[4][0]       ; innerMedian:a_dev|innerMedian.med$16:med$16|innerMedian.med$16.low_fifo:low_fifo|memory[4][0]          ; clk          ; clk         ; 0.000        ; 0.064      ; 0.597      ;
; 0.362 ; innerMedian:a_dev|innerMedian.med$16:med$16|innerMedian.med$16.low_fifo:low_fifo|memory[5][0]       ; innerMedian:a_dev|innerMedian.med$16:med$16|innerMedian.med$16.low_fifo:low_fifo|memory[5][0]          ; clk          ; clk         ; 0.000        ; 0.064      ; 0.597      ;
; 0.362 ; innerMedian:a_dev|innerMedian.med$16:med$16|innerMedian.med$16.low_fifo:low_fifo|memory[7][0]       ; innerMedian:a_dev|innerMedian.med$16:med$16|innerMedian.med$16.low_fifo:low_fifo|memory[7][0]          ; clk          ; clk         ; 0.000        ; 0.064      ; 0.597      ;
; 0.362 ; innerMedian:a_dev|innerMedian.med$16:med$16|innerMedian.med$16.low_fifo:low_fifo|memory[2][0]       ; innerMedian:a_dev|innerMedian.med$16:med$16|innerMedian.med$16.low_fifo:low_fifo|memory[2][0]          ; clk          ; clk         ; 0.000        ; 0.064      ; 0.597      ;
; 0.362 ; innerMedian:a_dev|innerMedian.med$16:med$16|innerMedian.med$16.low_fifo:low_fifo|memory[0][0]       ; innerMedian:a_dev|innerMedian.med$16:med$16|innerMedian.med$16.low_fifo:low_fifo|memory[0][0]          ; clk          ; clk         ; 0.000        ; 0.064      ; 0.597      ;
; 0.362 ; innerMedian:a_dev|innerMedian.med$16:med$16|innerMedian.med$16.low_fifo:low_fifo|memory[1][0]       ; innerMedian:a_dev|innerMedian.med$16:med$16|innerMedian.med$16.low_fifo:low_fifo|memory[1][0]          ; clk          ; clk         ; 0.000        ; 0.064      ; 0.597      ;
; 0.362 ; innerMedian:a_dev|innerMedian.med$16:med$16|innerMedian.med$16.low_fifo:low_fifo|memory[3][0]       ; innerMedian:a_dev|innerMedian.med$16:med$16|innerMedian.med$16.low_fifo:low_fifo|memory[3][0]          ; clk          ; clk         ; 0.000        ; 0.064      ; 0.597      ;
; 0.362 ; innerMedian:a_dev|innerMedian.med$16:med$16|buffer[0]                                               ; innerMedian:a_dev|innerMedian.med$16:med$16|buffer[0]                                                  ; clk          ; clk         ; 0.000        ; 0.064      ; 0.597      ;
; 0.362 ; innerMedian:a_dev|innerMedian.med$16:med$16|innerMedian.med$16.init_fifo:init_fifo|r_addr[1]        ; innerMedian:a_dev|innerMedian.med$16:med$16|innerMedian.med$16.init_fifo:init_fifo|r_addr[1]           ; clk          ; clk         ; 0.000        ; 0.064      ; 0.597      ;
; 0.362 ; innerMedian:a_dev|innerMedian.med$16:med$16|innerMedian.med$16.low_fifo:low_fifo|r_addr[1]          ; innerMedian:a_dev|innerMedian.med$16:med$16|innerMedian.med$16.low_fifo:low_fifo|r_addr[1]             ; clk          ; clk         ; 0.000        ; 0.064      ; 0.597      ;
; 0.362 ; innerMedian:a_dev|innerMedian.med$16:med$16|innerMedian.med$16.high_fifo:high_fifo|r_addr[1]        ; innerMedian:a_dev|innerMedian.med$16:med$16|innerMedian.med$16.high_fifo:high_fifo|r_addr[1]           ; clk          ; clk         ; 0.000        ; 0.064      ; 0.597      ;
; 0.362 ; innerMedian:a_dev|innerMedian.med$16:med$16|innerMedian.med$16.high_fifo:high_fifo|w_addr[1]        ; innerMedian:a_dev|innerMedian.med$16:med$16|innerMedian.med$16.high_fifo:high_fifo|w_addr[1]           ; clk          ; clk         ; 0.000        ; 0.064      ; 0.597      ;
; 0.363 ; innerMedian:a_dev|innerMedian.med$16:med$16|innerMedian.med$16.init_fifo:init_fifo|memory[8][0]     ; innerMedian:a_dev|innerMedian.med$16:med$16|innerMedian.med$16.init_fifo:init_fifo|memory[8][0]        ; clk          ; clk         ; 0.000        ; 0.063      ; 0.597      ;
; 0.363 ; innerMedian:a_dev|innerMedian.med$16:med$16|innerMedian.med$16.init_fifo:init_fifo|_0_[0]           ; innerMedian:a_dev|innerMedian.med$16:med$16|innerMedian.med$16.init_fifo:init_fifo|_0_[0]              ; clk          ; clk         ; 0.000        ; 0.063      ; 0.597      ;
; 0.363 ; innerMedian:a_dev|innerMedian.med$16:med$16|innerMedian.med$16.init_fifo:init_fifo|memory[7][0]     ; innerMedian:a_dev|innerMedian.med$16:med$16|innerMedian.med$16.init_fifo:init_fifo|memory[7][0]        ; clk          ; clk         ; 0.000        ; 0.063      ; 0.597      ;
; 0.363 ; innerMedian:a_dev|innerMedian.med$16:med$16|innerMedian.med$16.init_fifo:init_fifo|memory[3][0]     ; innerMedian:a_dev|innerMedian.med$16:med$16|innerMedian.med$16.init_fifo:init_fifo|memory[3][0]        ; clk          ; clk         ; 0.000        ; 0.063      ; 0.597      ;
; 0.363 ; innerMedian:a_dev|innerMedian.med$16:med$16|innerMedian.med$16.init_fifo:init_fifo|memory[5][0]     ; innerMedian:a_dev|innerMedian.med$16:med$16|innerMedian.med$16.init_fifo:init_fifo|memory[5][0]        ; clk          ; clk         ; 0.000        ; 0.063      ; 0.597      ;
; 0.363 ; innerMedian:a_dev|innerMedian.med$16:med$16|innerMedian.med$16.init_fifo:init_fifo|memory[1][0]     ; innerMedian:a_dev|innerMedian.med$16:med$16|innerMedian.med$16.init_fifo:init_fifo|memory[1][0]        ; clk          ; clk         ; 0.000        ; 0.063      ; 0.597      ;
; 0.363 ; innerMedian:a_dev|innerMedian.med$16:med$16|innerMedian.med$16.init_fifo:init_fifo|memory[6][0]     ; innerMedian:a_dev|innerMedian.med$16:med$16|innerMedian.med$16.init_fifo:init_fifo|memory[6][0]        ; clk          ; clk         ; 0.000        ; 0.063      ; 0.597      ;
; 0.363 ; innerMedian:a_dev|innerMedian.med$16:med$16|innerMedian.med$16.init_fifo:init_fifo|memory[2][0]     ; innerMedian:a_dev|innerMedian.med$16:med$16|innerMedian.med$16.init_fifo:init_fifo|memory[2][0]        ; clk          ; clk         ; 0.000        ; 0.063      ; 0.597      ;
; 0.363 ; innerMedian:a_dev|innerMedian.med$16:med$16|innerMedian.med$16.init_fifo:init_fifo|memory[4][0]     ; innerMedian:a_dev|innerMedian.med$16:med$16|innerMedian.med$16.init_fifo:init_fifo|memory[4][0]        ; clk          ; clk         ; 0.000        ; 0.063      ; 0.597      ;
; 0.363 ; innerMedian:a_dev|innerMedian.med$16:med$16|innerMedian.med$16.init_fifo:init_fifo|memory[0][0]     ; innerMedian:a_dev|innerMedian.med$16:med$16|innerMedian.med$16.init_fifo:init_fifo|memory[0][0]        ; clk          ; clk         ; 0.000        ; 0.063      ; 0.597      ;
; 0.363 ; innerMedian:a_dev|innerMedian.med$16:med$16|offset[3]                                               ; innerMedian:a_dev|innerMedian.med$16:med$16|offset[3]                                                  ; clk          ; clk         ; 0.000        ; 0.063      ; 0.597      ;
; 0.363 ; innerMedian:a_dev|innerMedian.med$16:med$16|clr_n$24                                                ; innerMedian:a_dev|innerMedian.med$16:med$16|clr_n$24                                                   ; clk          ; clk         ; 0.000        ; 0.063      ; 0.597      ;
; 0.363 ; innerMedian:a_dev|innerMedian.med$16:med$16|pop$35                                                  ; innerMedian:a_dev|innerMedian.med$16:med$16|pop$35                                                     ; clk          ; clk         ; 0.000        ; 0.063      ; 0.597      ;
; 0.372 ; innerMedian:a_dev|innerMedian.med$16:med$16|innerMedian.med$16.low_fifo:low_fifo|w_addr[0]          ; innerMedian:a_dev|innerMedian.med$16:med$16|innerMedian.med$16.low_fifo:low_fifo|w_addr[0]             ; clk          ; clk         ; 0.000        ; 0.065      ; 0.608      ;
; 0.373 ; innerMedian:a_dev|innerMedian.med$16:med$16|innerMedian.med$16.init_fifo:init_fifo|w_addr[0]        ; innerMedian:a_dev|innerMedian.med$16:med$16|innerMedian.med$16.init_fifo:init_fifo|w_addr[0]           ; clk          ; clk         ; 0.000        ; 0.064      ; 0.608      ;
; 0.373 ; innerMedian:a_dev|innerMedian.med$16:med$16|innerMedian.med$16.init_fifo:init_fifo|r_addr[0]        ; innerMedian:a_dev|innerMedian.med$16:med$16|innerMedian.med$16.init_fifo:init_fifo|r_addr[0]           ; clk          ; clk         ; 0.000        ; 0.064      ; 0.608      ;
; 0.373 ; innerMedian:a_dev|innerMedian.med$16:med$16|innerMedian.med$16.low_fifo:low_fifo|r_addr[0]          ; innerMedian:a_dev|innerMedian.med$16:med$16|innerMedian.med$16.low_fifo:low_fifo|r_addr[0]             ; clk          ; clk         ; 0.000        ; 0.064      ; 0.608      ;
; 0.373 ; innerMedian:a_dev|innerMedian.med$16:med$16|innerMedian.med$16.high_fifo:high_fifo|r_addr[0]        ; innerMedian:a_dev|innerMedian.med$16:med$16|innerMedian.med$16.high_fifo:high_fifo|r_addr[0]           ; clk          ; clk         ; 0.000        ; 0.064      ; 0.608      ;
; 0.373 ; innerMedian:a_dev|innerMedian.med$16:med$16|innerMedian.med$16.high_fifo:high_fifo|w_addr[0]        ; innerMedian:a_dev|innerMedian.med$16:med$16|innerMedian.med$16.high_fifo:high_fifo|w_addr[0]           ; clk          ; clk         ; 0.000        ; 0.064      ; 0.608      ;
; 0.414 ; innerMedian:a_dev|innerMedian.med$16:med$16|innerMedian.med$16.init_fifo:init_fifo|w_addr[0]        ; innerMedian:a_dev|innerMedian.med$16:med$16|innerMedian.med$16.init_fifo:init_fifo|w_addr[1]           ; clk          ; clk         ; 0.000        ; 0.064      ; 0.649      ;
; 0.419 ; innerMedian:a_dev|innerMedian.med$16:med$16|innerMedian.med$16.low_fifo:low_fifo|r_addr[3]          ; innerMedian:a_dev|innerMedian.med$16:med$16|innerMedian.med$16.low_fifo:low_fifo|memory_r_addr$17[3]   ; clk          ; clk         ; 0.000        ; 0.064      ; 0.654      ;
; 0.421 ; innerMedian:a_dev|innerMedian.med$16:med$16|innerMedian.med$16.low_fifo:low_fifo|r_addr[0]          ; innerMedian:a_dev|innerMedian.med$16:med$16|innerMedian.med$16.low_fifo:low_fifo|r_addr[1]             ; clk          ; clk         ; 0.000        ; 0.064      ; 0.656      ;
; 0.424 ; innerMedian:a_dev|innerMedian.med$16:med$16|innerMedian.med$16.init_fifo:init_fifo|w_addr[2]        ; innerMedian:a_dev|innerMedian.med$16:med$16|innerMedian.med$16.init_fifo:init_fifo|memory_w_addr[2]    ; clk          ; clk         ; 0.000        ; 0.064      ; 0.659      ;
; 0.428 ; innerMedian:a_dev|innerMedian.med$16:med$16|innerMedian.med$16.low_fifo:low_fifo|w_addr[0]          ; innerMedian:a_dev|innerMedian.med$16:med$16|innerMedian.med$16.low_fifo:low_fifo|w_addr[1]             ; clk          ; clk         ; 0.000        ; 0.065      ; 0.664      ;
; 0.430 ; innerMedian:a_dev|innerMedian.med$16:med$16|innerMedian.med$16.init_fifo:init_fifo|w_addr[0]        ; innerMedian:a_dev|innerMedian.med$16:med$16|innerMedian.med$16.init_fifo:init_fifo|memory_w_addr[0]    ; clk          ; clk         ; 0.000        ; 0.064      ; 0.665      ;
; 0.530 ; innerMedian:a_dev|innerMedian.med$16:med$16|innerMedian.med$16.init_fifo:init_fifo|r_addr[3]        ; innerMedian:a_dev|innerMedian.med$16:med$16|innerMedian.med$16.init_fifo:init_fifo|memory_r_addr$17[3] ; clk          ; clk         ; 0.000        ; 0.064      ; 0.765      ;
; 0.531 ; innerMedian:a_dev|innerMedian.med$16:med$16|innerMedian.med$16.init_fifo:init_fifo|w_addr[3]        ; innerMedian:a_dev|innerMedian.med$16:med$16|innerMedian.med$16.init_fifo:init_fifo|memory_w_addr[3]    ; clk          ; clk         ; 0.000        ; 0.064      ; 0.766      ;
; 0.532 ; innerMedian:a_dev|innerMedian.med$16:med$16|innerMedian.med$16.high_fifo:high_fifo|r_addr[3]        ; innerMedian:a_dev|innerMedian.med$16:med$16|innerMedian.med$16.high_fifo:high_fifo|memory_r_addr$17[3] ; clk          ; clk         ; 0.000        ; 0.064      ; 0.767      ;
; 0.536 ; innerMedian:a_dev|innerMedian.med$16:med$16|innerMedian.med$16.high_fifo:high_fifo|w_addr[1]        ; innerMedian:a_dev|innerMedian.med$16:med$16|innerMedian.med$16.high_fifo:high_fifo|memory_w_addr[1]    ; clk          ; clk         ; 0.000        ; 0.064      ; 0.771      ;
; 0.537 ; innerMedian:a_dev|innerMedian.med$16:med$16|innerMedian.med$16.init_fifo:init_fifo|w_addr[1]        ; innerMedian:a_dev|innerMedian.med$16:med$16|innerMedian.med$16.init_fifo:init_fifo|memory_w_addr[1]    ; clk          ; clk         ; 0.000        ; 0.064      ; 0.772      ;
; 0.537 ; innerMedian:a_dev|innerMedian.med$16:med$16|innerMedian.med$16.low_fifo:low_fifo|w_addr[1]          ; innerMedian:a_dev|innerMedian.med$16:med$16|innerMedian.med$16.low_fifo:low_fifo|memory_w_addr[1]      ; clk          ; clk         ; 0.000        ; 0.065      ; 0.773      ;
; 0.612 ; innerMedian:a_dev|innerMedian.med$16:med$16|innerMedian.med$16.low_fifo:low_fifo|r_addr[2]          ; innerMedian:a_dev|innerMedian.med$16:med$16|innerMedian.med$16.low_fifo:low_fifo|memory_r_addr$17[2]   ; clk          ; clk         ; 0.000        ; 0.064      ; 0.847      ;
; 0.651 ; innerMedian:a_dev|innerMedian.med$16:med$16|innerMedian.med$16.high_fifo:high_fifo|w_addr[2]        ; innerMedian:a_dev|innerMedian.med$16:med$16|innerMedian.med$16.high_fifo:high_fifo|memory_w_addr[2]    ; clk          ; clk         ; 0.000        ; 0.064      ; 0.886      ;
; 0.654 ; innerMedian:a_dev|innerMedian.med$16:med$16|innerMedian.med$16.high_fifo:high_fifo|r_addr[2]        ; innerMedian:a_dev|innerMedian.med$16:med$16|innerMedian.med$16.high_fifo:high_fifo|memory_r_addr$17[2] ; clk          ; clk         ; 0.000        ; 0.064      ; 0.889      ;
; 0.682 ; innerMedian:a_dev|innerMedian.med$16:med$16|innerMedian.med$16.high_fifo:high_fifo|r_addr[0]        ; innerMedian:a_dev|innerMedian.med$16:med$16|innerMedian.med$16.high_fifo:high_fifo|r_addr[1]           ; clk          ; clk         ; 0.000        ; 0.064      ; 0.917      ;
; 0.684 ; innerMedian:a_dev|innerMedian.med$16:med$16|innerMedian.med$16.init_fifo:init_fifo|r_addr[0]        ; innerMedian:a_dev|innerMedian.med$16:med$16|innerMedian.med$16.init_fifo:init_fifo|r_addr[1]           ; clk          ; clk         ; 0.000        ; 0.064      ; 0.919      ;
; 0.708 ; innerMedian:a_dev|innerMedian.med$16:med$16|fsm_state[2]                                            ; innerMedian:a_dev|innerMedian.med$16:med$16|push$33                                                    ; clk          ; clk         ; 0.000        ; 0.065      ; 0.944      ;
; 0.717 ; innerMedian:a_dev|innerMedian.med$16:med$16|innerMedian.med$16.low_fifo:low_fifo|r_addr[2]          ; innerMedian:a_dev|innerMedian.med$16:med$16|innerMedian.med$16.low_fifo:low_fifo|r_addr[3]             ; clk          ; clk         ; 0.000        ; 0.064      ; 0.952      ;
; 0.731 ; innerMedian:a_dev|innerMedian.med$16:med$16|index[3]                                                ; innerMedian:a_dev|innerMedian.med$16:med$16|index[3]                                                   ; clk          ; clk         ; 0.000        ; 0.063      ; 0.965      ;
; 0.733 ; innerMedian:a_dev|innerMedian.med$16:med$16|innerMedian.med$16.low_fifo:low_fifo|r_addr[1]          ; innerMedian:a_dev|innerMedian.med$16:med$16|innerMedian.med$16.low_fifo:low_fifo|memory_r_addr$17[1]   ; clk          ; clk         ; 0.000        ; 0.065      ; 0.969      ;
; 0.760 ; innerMedian:a_dev|innerMedian.med$16:med$16|innerMedian.med$16.init_fifo:init_fifo|r_addr[1]        ; innerMedian:a_dev|innerMedian.med$16:med$16|innerMedian.med$16.init_fifo:init_fifo|memory_r_addr$17[1] ; clk          ; clk         ; 0.000        ; 0.060      ; 0.991      ;
; 0.766 ; innerMedian:a_dev|innerMedian.med$16:med$16|fsm_state[2]                                            ; innerMedian:a_dev|innerMedian.med$16:med$16|push$34                                                    ; clk          ; clk         ; 0.000        ; 0.065      ; 1.002      ;
; 0.768 ; innerMedian:a_dev|innerMedian.med$16:med$16|innerMedian.med$16.init_fifo:init_fifo|r_addr[2]        ; innerMedian:a_dev|innerMedian.med$16:med$16|innerMedian.med$16.init_fifo:init_fifo|memory_r_addr$17[2] ; clk          ; clk         ; 0.000        ; 0.079      ; 1.018      ;
; 0.772 ; innerMedian:a_dev|innerMedian.med$16:med$16|innerMedian.med$16.init_fifo:init_fifo|w_addr[0]        ; innerMedian:a_dev|innerMedian.med$16:med$16|innerMedian.med$16.init_fifo:init_fifo|w_addr[2]           ; clk          ; clk         ; 0.000        ; 0.064      ; 1.007      ;
; 0.773 ; innerMedian:a_dev|innerMedian.med$16:med$16|innerMedian.med$16.init_fifo:init_fifo|w_addr[0]        ; innerMedian:a_dev|innerMedian.med$16:med$16|innerMedian.med$16.init_fifo:init_fifo|w_addr[3]           ; clk          ; clk         ; 0.000        ; 0.064      ; 1.008      ;
; 0.779 ; innerMedian:a_dev|innerMedian.med$16:med$16|innerMedian.med$16.init_fifo:init_fifo|r_addr[1]        ; innerMedian:a_dev|innerMedian.med$16:med$16|innerMedian.med$16.init_fifo:init_fifo|r_addr[0]           ; clk          ; clk         ; 0.000        ; 0.064      ; 1.014      ;
; 0.780 ; innerMedian:a_dev|innerMedian.med$16:med$16|innerMedian.med$16.init_fifo:init_fifo|r_addr[1]        ; innerMedian:a_dev|innerMedian.med$16:med$16|innerMedian.med$16.init_fifo:init_fifo|r_addr[3]           ; clk          ; clk         ; 0.000        ; 0.064      ; 1.015      ;
; 0.780 ; innerMedian:a_dev|innerMedian.med$16:med$16|innerMedian.med$16.init_fifo:init_fifo|r_addr[1]        ; innerMedian:a_dev|innerMedian.med$16:med$16|innerMedian.med$16.init_fifo:init_fifo|r_addr[2]           ; clk          ; clk         ; 0.000        ; 0.064      ; 1.015      ;
; 0.800 ; innerMedian:a_dev|innerMedian.med$16:med$16|innerMedian.med$16.high_fifo:high_fifo|memory_w_addr[3] ; innerMedian:a_dev|innerMedian.med$16:med$16|innerMedian.med$16.high_fifo:high_fifo|memory[8][0]        ; clk          ; clk         ; 0.000        ; 0.065      ; 1.036      ;
; 0.809 ; innerMedian:a_dev|innerMedian.med$16:med$16|innerMedian.med$16.init_fifo:init_fifo|r_addr[0]        ; innerMedian:a_dev|innerMedian.med$16:med$16|innerMedian.med$16.init_fifo:init_fifo|memory_r_addr$17[0] ; clk          ; clk         ; 0.000        ; 0.060      ; 1.040      ;
; 0.834 ; innerMedian:a_dev|innerMedian.med$16:med$16|innerMedian.med$16.high_fifo:high_fifo|w_addr[0]        ; innerMedian:a_dev|innerMedian.med$16:med$16|innerMedian.med$16.high_fifo:high_fifo|w_addr[1]           ; clk          ; clk         ; 0.000        ; 0.064      ; 1.069      ;
; 0.834 ; innerMedian:a_dev|innerMedian.med$16:med$16|innerMedian.med$16.low_fifo:low_fifo|memory[8][0]       ; innerMedian:a_dev|innerMedian.med$16:med$16|innerMedian.med$16.low_fifo:low_fifo|_0_[0]                ; clk          ; clk         ; 0.000        ; 0.065      ; 1.070      ;
; 0.843 ; innerMedian:a_dev|innerMedian.med$16:med$16|innerMedian.med$16.low_fifo:low_fifo|memory_w_addr[3]   ; innerMedian:a_dev|innerMedian.med$16:med$16|innerMedian.med$16.low_fifo:low_fifo|memory[8][0]          ; clk          ; clk         ; 0.000        ; 0.065      ; 1.079      ;
; 0.849 ; innerMedian:a_dev|innerMedian.med$16:med$16|innerMedian.med$16.high_fifo:high_fifo|r_addr[0]        ; innerMedian:a_dev|innerMedian.med$16:med$16|innerMedian.med$16.high_fifo:high_fifo|memory_r_addr$17[0] ; clk          ; clk         ; 0.000        ; 0.065      ; 1.085      ;
; 0.849 ; innerMedian:a_dev|innerMedian.med$16:med$16|innerMedian.med$16.init_fifo:init_fifo|r_addr[3]        ; innerMedian:a_dev|innerMedian.med$16:med$16|innerMedian.med$16.init_fifo:init_fifo|r_addr[0]           ; clk          ; clk         ; 0.000        ; 0.064      ; 1.084      ;
; 0.850 ; innerMedian:a_dev|innerMedian.med$16:med$16|innerMedian.med$16.init_fifo:init_fifo|r_addr[3]        ; innerMedian:a_dev|innerMedian.med$16:med$16|innerMedian.med$16.init_fifo:init_fifo|r_addr[3]           ; clk          ; clk         ; 0.000        ; 0.064      ; 1.085      ;
; 0.850 ; innerMedian:a_dev|innerMedian.med$16:med$16|innerMedian.med$16.init_fifo:init_fifo|r_addr[3]        ; innerMedian:a_dev|innerMedian.med$16:med$16|innerMedian.med$16.init_fifo:init_fifo|r_addr[2]           ; clk          ; clk         ; 0.000        ; 0.064      ; 1.085      ;
; 0.869 ; innerMedian:a_dev|innerMedian.med$16:med$16|innerMedian.med$16.low_fifo:low_fifo|w_addr[2]          ; innerMedian:a_dev|innerMedian.med$16:med$16|innerMedian.med$16.low_fifo:low_fifo|w_addr[3]             ; clk          ; clk         ; 0.000        ; 0.065      ; 1.105      ;
; 0.870 ; innerMedian:a_dev|innerMedian.med$16:med$16|fsm_state[1]                                            ; innerMedian:a_dev|innerMedian.med$16:med$16|push                                                       ; clk          ; clk         ; 0.000        ; 0.063      ; 1.104      ;
; 0.872 ; innerMedian:a_dev|innerMedian.med$16:med$16|innerMedian.med$16.low_fifo:low_fifo|r_addr[1]          ; innerMedian:a_dev|innerMedian.med$16:med$16|innerMedian.med$16.low_fifo:low_fifo|r_addr[2]             ; clk          ; clk         ; 0.000        ; 0.064      ; 1.107      ;
; 0.877 ; innerMedian:a_dev|innerMedian.med$16:med$16|innerMedian.med$16.high_fifo:high_fifo|r_addr[0]        ; innerMedian:a_dev|innerMedian.med$16:med$16|innerMedian.med$16.high_fifo:high_fifo|r_addr[3]           ; clk          ; clk         ; 0.000        ; 0.064      ; 1.112      ;
; 0.877 ; innerMedian:a_dev|innerMedian.med$16:med$16|innerMedian.med$16.init_fifo:init_fifo|w_addr[1]        ; innerMedian:a_dev|innerMedian.med$16:med$16|innerMedian.med$16.init_fifo:init_fifo|w_addr[2]           ; clk          ; clk         ; 0.000        ; 0.064      ; 1.112      ;
; 0.878 ; innerMedian:a_dev|innerMedian.med$16:med$16|innerMedian.med$16.low_fifo:low_fifo|w_addr[0]          ; innerMedian:a_dev|innerMedian.med$16:med$16|innerMedian.med$16.low_fifo:low_fifo|w_addr[2]             ; clk          ; clk         ; 0.000        ; 0.065      ; 1.114      ;
; 0.878 ; innerMedian:a_dev|innerMedian.med$16:med$16|innerMedian.med$16.init_fifo:init_fifo|w_addr[1]        ; innerMedian:a_dev|innerMedian.med$16:med$16|innerMedian.med$16.init_fifo:init_fifo|w_addr[3]           ; clk          ; clk         ; 0.000        ; 0.064      ; 1.113      ;
; 0.879 ; innerMedian:a_dev|innerMedian.med$16:med$16|innerMedian.med$16.high_fifo:high_fifo|r_addr[0]        ; innerMedian:a_dev|innerMedian.med$16:med$16|innerMedian.med$16.high_fifo:high_fifo|r_addr[2]           ; clk          ; clk         ; 0.000        ; 0.064      ; 1.114      ;
; 0.879 ; innerMedian:a_dev|innerMedian.med$16:med$16|innerMedian.med$16.high_fifo:high_fifo|w_addr[1]        ; innerMedian:a_dev|innerMedian.med$16:med$16|innerMedian.med$16.high_fifo:high_fifo|w_addr[0]           ; clk          ; clk         ; 0.000        ; 0.064      ; 1.114      ;
; 0.880 ; innerMedian:a_dev|innerMedian.med$16:med$16|innerMedian.med$16.init_fifo:init_fifo|w_addr[1]        ; innerMedian:a_dev|innerMedian.med$16:med$16|innerMedian.med$16.init_fifo:init_fifo|w_addr[0]           ; clk          ; clk         ; 0.000        ; 0.064      ; 1.115      ;
; 0.900 ; innerMedian:a_dev|innerMedian.med$16:med$16|innerMedian.med$16.high_fifo:high_fifo|r_addr[1]        ; innerMedian:a_dev|innerMedian.med$16:med$16|innerMedian.med$16.high_fifo:high_fifo|memory_r_addr$17[1] ; clk          ; clk         ; 0.000        ; 0.065      ; 1.136      ;
+-------+-----------------------------------------------------------------------------------------------------+--------------------------------------------------------------------------------------------------------+--------------+-------------+--------------+------------+------------+


----------------------------------------------
; Slow 1200mV 0C Model Metastability Summary ;
----------------------------------------------
No synchronizer chains to report.


+------------------------------------+
; Fast 1200mV 0C Model Setup Summary ;
+-------+--------+-------------------+
; Clock ; Slack  ; End Point TNS     ;
+-------+--------+-------------------+
; clk   ; -1.329 ; -64.675           ;
+-------+--------+-------------------+


+-----------------------------------+
; Fast 1200mV 0C Model Hold Summary ;
+-------+-------+-------------------+
; Clock ; Slack ; End Point TNS     ;
+-------+-------+-------------------+
; clk   ; 0.186 ; 0.000             ;
+-------+-------+-------------------+


-----------------------------------------
; Fast 1200mV 0C Model Recovery Summary ;
-----------------------------------------
No paths to report.


----------------------------------------
; Fast 1200mV 0C Model Removal Summary ;
----------------------------------------
No paths to report.


+--------------------------------------------------+
; Fast 1200mV 0C Model Minimum Pulse Width Summary ;
+-------+--------+---------------------------------+
; Clock ; Slack  ; End Point TNS                   ;
+-------+--------+---------------------------------+
; clk   ; -3.000 ; -118.137                        ;
+-------+--------+---------------------------------+


+----------------------------------------------------------------------------------------------------------------------------------------------------------------------------------------------------------------------------------------+
; Fast 1200mV 0C Model Setup: 'clk'                                                                                                                                                                                                      ;
+--------+-------------------------------------------------------------------------------------------+-------------------------------------------------------------+--------------+-------------+--------------+------------+------------+
; Slack  ; From Node                                                                                 ; To Node                                                     ; Launch Clock ; Latch Clock ; Relationship ; Clock Skew ; Data Delay ;
+--------+-------------------------------------------------------------------------------------------+-------------------------------------------------------------+--------------+-------------+--------------+------------+------------+
; -1.329 ; innerMedian:a_dev|innerMedian.med$16:med$16|offset[1]                                     ; innerMedian:a_dev|innerMedian.med$16:med$16|fifo_counter[1] ; clk          ; clk         ; 1.000        ; 0.152      ; 2.468      ;
; -1.329 ; innerMedian:a_dev|innerMedian.med$16:med$16|offset[1]                                     ; innerMedian:a_dev|innerMedian.med$16:med$16|fifo_counter[0] ; clk          ; clk         ; 1.000        ; 0.152      ; 2.468      ;
; -1.329 ; innerMedian:a_dev|innerMedian.med$16:med$16|offset[1]                                     ; innerMedian:a_dev|innerMedian.med$16:med$16|fifo_counter[2] ; clk          ; clk         ; 1.000        ; 0.152      ; 2.468      ;
; -1.327 ; innerMedian:a_dev|innerMedian.med$16:med$16|fifo_counter[1]                               ; innerMedian:a_dev|innerMedian.med$16:med$16|index[0]        ; clk          ; clk         ; 1.000        ; -0.230     ; 2.084      ;
; -1.327 ; innerMedian:a_dev|innerMedian.med$16:med$16|fifo_counter[1]                               ; innerMedian:a_dev|innerMedian.med$16:med$16|index[3]        ; clk          ; clk         ; 1.000        ; -0.230     ; 2.084      ;
; -1.327 ; innerMedian:a_dev|innerMedian.med$16:med$16|fifo_counter[1]                               ; innerMedian:a_dev|innerMedian.med$16:med$16|index[1]        ; clk          ; clk         ; 1.000        ; -0.230     ; 2.084      ;
; -1.327 ; innerMedian:a_dev|innerMedian.med$16:med$16|fifo_counter[1]                               ; innerMedian:a_dev|innerMedian.med$16:med$16|index[2]        ; clk          ; clk         ; 1.000        ; -0.230     ; 2.084      ;
; -1.325 ; innerMedian:a_dev|innerMedian.med$16:med$16|fifo_counter[1]                               ; innerMedian:a_dev|innerMedian.med$16:med$16|fifo_counter[1] ; clk          ; clk         ; 1.000        ; -0.044     ; 2.268      ;
; -1.325 ; innerMedian:a_dev|innerMedian.med$16:med$16|fifo_counter[1]                               ; innerMedian:a_dev|innerMedian.med$16:med$16|fifo_counter[0] ; clk          ; clk         ; 1.000        ; -0.044     ; 2.268      ;
; -1.325 ; innerMedian:a_dev|innerMedian.med$16:med$16|fifo_counter[1]                               ; innerMedian:a_dev|innerMedian.med$16:med$16|fifo_counter[2] ; clk          ; clk         ; 1.000        ; -0.044     ; 2.268      ;
; -1.324 ; innerMedian:a_dev|innerMedian.med$16:med$16|offset[2]                                     ; innerMedian:a_dev|innerMedian.med$16:med$16|fifo_counter[1] ; clk          ; clk         ; 1.000        ; 0.152      ; 2.463      ;
; -1.324 ; innerMedian:a_dev|innerMedian.med$16:med$16|offset[2]                                     ; innerMedian:a_dev|innerMedian.med$16:med$16|fifo_counter[0] ; clk          ; clk         ; 1.000        ; 0.152      ; 2.463      ;
; -1.324 ; innerMedian:a_dev|innerMedian.med$16:med$16|offset[2]                                     ; innerMedian:a_dev|innerMedian.med$16:med$16|fifo_counter[2] ; clk          ; clk         ; 1.000        ; 0.152      ; 2.463      ;
; -1.320 ; innerMedian:a_dev|innerMedian.med$16:med$16|fifo_counter[2]                               ; innerMedian:a_dev|innerMedian.med$16:med$16|index[0]        ; clk          ; clk         ; 1.000        ; -0.230     ; 2.077      ;
; -1.320 ; innerMedian:a_dev|innerMedian.med$16:med$16|fifo_counter[2]                               ; innerMedian:a_dev|innerMedian.med$16:med$16|index[3]        ; clk          ; clk         ; 1.000        ; -0.230     ; 2.077      ;
; -1.320 ; innerMedian:a_dev|innerMedian.med$16:med$16|fifo_counter[2]                               ; innerMedian:a_dev|innerMedian.med$16:med$16|index[1]        ; clk          ; clk         ; 1.000        ; -0.230     ; 2.077      ;
; -1.320 ; innerMedian:a_dev|innerMedian.med$16:med$16|fifo_counter[2]                               ; innerMedian:a_dev|innerMedian.med$16:med$16|index[2]        ; clk          ; clk         ; 1.000        ; -0.230     ; 2.077      ;
; -1.318 ; innerMedian:a_dev|innerMedian.med$16:med$16|offset[0]                                     ; innerMedian:a_dev|innerMedian.med$16:med$16|fifo_counter[1] ; clk          ; clk         ; 1.000        ; 0.152      ; 2.457      ;
; -1.318 ; innerMedian:a_dev|innerMedian.med$16:med$16|offset[0]                                     ; innerMedian:a_dev|innerMedian.med$16:med$16|fifo_counter[0] ; clk          ; clk         ; 1.000        ; 0.152      ; 2.457      ;
; -1.318 ; innerMedian:a_dev|innerMedian.med$16:med$16|offset[0]                                     ; innerMedian:a_dev|innerMedian.med$16:med$16|fifo_counter[2] ; clk          ; clk         ; 1.000        ; 0.152      ; 2.457      ;
; -1.318 ; innerMedian:a_dev|innerMedian.med$16:med$16|fifo_counter[2]                               ; innerMedian:a_dev|innerMedian.med$16:med$16|fifo_counter[1] ; clk          ; clk         ; 1.000        ; -0.044     ; 2.261      ;
; -1.318 ; innerMedian:a_dev|innerMedian.med$16:med$16|fifo_counter[2]                               ; innerMedian:a_dev|innerMedian.med$16:med$16|fifo_counter[0] ; clk          ; clk         ; 1.000        ; -0.044     ; 2.261      ;
; -1.318 ; innerMedian:a_dev|innerMedian.med$16:med$16|fifo_counter[2]                               ; innerMedian:a_dev|innerMedian.med$16:med$16|fifo_counter[2] ; clk          ; clk         ; 1.000        ; -0.044     ; 2.261      ;
; -1.275 ; innerMedian:a_dev|innerMedian.med$16:med$16|fifo_counter[0]                               ; innerMedian:a_dev|innerMedian.med$16:med$16|index[0]        ; clk          ; clk         ; 1.000        ; -0.230     ; 2.032      ;
; -1.275 ; innerMedian:a_dev|innerMedian.med$16:med$16|fifo_counter[0]                               ; innerMedian:a_dev|innerMedian.med$16:med$16|index[3]        ; clk          ; clk         ; 1.000        ; -0.230     ; 2.032      ;
; -1.275 ; innerMedian:a_dev|innerMedian.med$16:med$16|fifo_counter[0]                               ; innerMedian:a_dev|innerMedian.med$16:med$16|index[1]        ; clk          ; clk         ; 1.000        ; -0.230     ; 2.032      ;
; -1.275 ; innerMedian:a_dev|innerMedian.med$16:med$16|fifo_counter[0]                               ; innerMedian:a_dev|innerMedian.med$16:med$16|index[2]        ; clk          ; clk         ; 1.000        ; -0.230     ; 2.032      ;
; -1.275 ; innerMedian:a_dev|innerMedian.med$16:med$16|fsm_state[2]                                  ; innerMedian:a_dev|innerMedian.med$16:med$16|index[0]        ; clk          ; clk         ; 1.000        ; -0.047     ; 2.215      ;
; -1.275 ; innerMedian:a_dev|innerMedian.med$16:med$16|fsm_state[2]                                  ; innerMedian:a_dev|innerMedian.med$16:med$16|index[3]        ; clk          ; clk         ; 1.000        ; -0.047     ; 2.215      ;
; -1.275 ; innerMedian:a_dev|innerMedian.med$16:med$16|fsm_state[2]                                  ; innerMedian:a_dev|innerMedian.med$16:med$16|index[1]        ; clk          ; clk         ; 1.000        ; -0.047     ; 2.215      ;
; -1.275 ; innerMedian:a_dev|innerMedian.med$16:med$16|fsm_state[2]                                  ; innerMedian:a_dev|innerMedian.med$16:med$16|index[2]        ; clk          ; clk         ; 1.000        ; -0.047     ; 2.215      ;
; -1.273 ; innerMedian:a_dev|innerMedian.med$16:med$16|fifo_counter[0]                               ; innerMedian:a_dev|innerMedian.med$16:med$16|fifo_counter[1] ; clk          ; clk         ; 1.000        ; -0.044     ; 2.216      ;
; -1.273 ; innerMedian:a_dev|innerMedian.med$16:med$16|fifo_counter[0]                               ; innerMedian:a_dev|innerMedian.med$16:med$16|fifo_counter[0] ; clk          ; clk         ; 1.000        ; -0.044     ; 2.216      ;
; -1.273 ; innerMedian:a_dev|innerMedian.med$16:med$16|fifo_counter[0]                               ; innerMedian:a_dev|innerMedian.med$16:med$16|fifo_counter[2] ; clk          ; clk         ; 1.000        ; -0.044     ; 2.216      ;
; -1.263 ; innerMedian:a_dev|innerMedian.med$16:med$16|total[0]                                      ; innerMedian:a_dev|innerMedian.med$16:med$16|fifo_counter[1] ; clk          ; clk         ; 1.000        ; 0.157      ; 2.407      ;
; -1.263 ; innerMedian:a_dev|innerMedian.med$16:med$16|total[0]                                      ; innerMedian:a_dev|innerMedian.med$16:med$16|fifo_counter[0] ; clk          ; clk         ; 1.000        ; 0.157      ; 2.407      ;
; -1.263 ; innerMedian:a_dev|innerMedian.med$16:med$16|total[0]                                      ; innerMedian:a_dev|innerMedian.med$16:med$16|fifo_counter[2] ; clk          ; clk         ; 1.000        ; 0.157      ; 2.407      ;
; -1.248 ; innerMedian:a_dev|innerMedian.med$16:med$16|offset[3]                                     ; innerMedian:a_dev|innerMedian.med$16:med$16|fifo_counter[1] ; clk          ; clk         ; 1.000        ; 0.152      ; 2.387      ;
; -1.248 ; innerMedian:a_dev|innerMedian.med$16:med$16|offset[3]                                     ; innerMedian:a_dev|innerMedian.med$16:med$16|fifo_counter[0] ; clk          ; clk         ; 1.000        ; 0.152      ; 2.387      ;
; -1.248 ; innerMedian:a_dev|innerMedian.med$16:med$16|offset[3]                                     ; innerMedian:a_dev|innerMedian.med$16:med$16|fifo_counter[2] ; clk          ; clk         ; 1.000        ; 0.152      ; 2.387      ;
; -1.235 ; innerMedian:a_dev|innerMedian.med$16:med$16|fifo_counter[1]                               ; innerMedian:a_dev|innerMedian.med$16:med$16|offset[0]       ; clk          ; clk         ; 1.000        ; -0.232     ; 1.990      ;
; -1.235 ; innerMedian:a_dev|innerMedian.med$16:med$16|fifo_counter[1]                               ; innerMedian:a_dev|innerMedian.med$16:med$16|offset[1]       ; clk          ; clk         ; 1.000        ; -0.232     ; 1.990      ;
; -1.235 ; innerMedian:a_dev|innerMedian.med$16:med$16|fifo_counter[1]                               ; innerMedian:a_dev|innerMedian.med$16:med$16|offset[2]       ; clk          ; clk         ; 1.000        ; -0.232     ; 1.990      ;
; -1.226 ; innerMedian:a_dev|innerMedian.med$16:med$16|fifo_counter[1]                               ; innerMedian:a_dev|innerMedian.med$16:med$16|total[0]        ; clk          ; clk         ; 1.000        ; -0.237     ; 1.976      ;
; -1.226 ; innerMedian:a_dev|innerMedian.med$16:med$16|fifo_counter[1]                               ; innerMedian:a_dev|innerMedian.med$16:med$16|total[1]        ; clk          ; clk         ; 1.000        ; -0.237     ; 1.976      ;
; -1.226 ; innerMedian:a_dev|innerMedian.med$16:med$16|fifo_counter[1]                               ; innerMedian:a_dev|innerMedian.med$16:med$16|total[2]        ; clk          ; clk         ; 1.000        ; -0.237     ; 1.976      ;
; -1.220 ; innerMedian:a_dev|innerMedian.med$16:med$16|fifo_counter[2]                               ; innerMedian:a_dev|innerMedian.med$16:med$16|offset[0]       ; clk          ; clk         ; 1.000        ; -0.232     ; 1.975      ;
; -1.220 ; innerMedian:a_dev|innerMedian.med$16:med$16|fifo_counter[2]                               ; innerMedian:a_dev|innerMedian.med$16:med$16|offset[1]       ; clk          ; clk         ; 1.000        ; -0.232     ; 1.975      ;
; -1.220 ; innerMedian:a_dev|innerMedian.med$16:med$16|fifo_counter[2]                               ; innerMedian:a_dev|innerMedian.med$16:med$16|offset[2]       ; clk          ; clk         ; 1.000        ; -0.232     ; 1.975      ;
; -1.219 ; innerMedian:a_dev|innerMedian.med$16:med$16|fifo_counter[2]                               ; innerMedian:a_dev|innerMedian.med$16:med$16|total[0]        ; clk          ; clk         ; 1.000        ; -0.237     ; 1.969      ;
; -1.219 ; innerMedian:a_dev|innerMedian.med$16:med$16|fifo_counter[2]                               ; innerMedian:a_dev|innerMedian.med$16:med$16|total[1]        ; clk          ; clk         ; 1.000        ; -0.237     ; 1.969      ;
; -1.219 ; innerMedian:a_dev|innerMedian.med$16:med$16|fifo_counter[2]                               ; innerMedian:a_dev|innerMedian.med$16:med$16|total[2]        ; clk          ; clk         ; 1.000        ; -0.237     ; 1.969      ;
; -1.213 ; innerMedian:a_dev|innerMedian.med$16:med$16|index[0]                                      ; innerMedian:a_dev|innerMedian.med$16:med$16|fifo_counter[1] ; clk          ; clk         ; 1.000        ; 0.150      ; 2.350      ;
; -1.213 ; innerMedian:a_dev|innerMedian.med$16:med$16|index[0]                                      ; innerMedian:a_dev|innerMedian.med$16:med$16|fifo_counter[0] ; clk          ; clk         ; 1.000        ; 0.150      ; 2.350      ;
; -1.213 ; innerMedian:a_dev|innerMedian.med$16:med$16|index[0]                                      ; innerMedian:a_dev|innerMedian.med$16:med$16|fifo_counter[2] ; clk          ; clk         ; 1.000        ; 0.150      ; 2.350      ;
; -1.204 ; innerMedian:a_dev|innerMedian.med$16:med$16|total[1]                                      ; innerMedian:a_dev|innerMedian.med$16:med$16|fifo_counter[1] ; clk          ; clk         ; 1.000        ; 0.157      ; 2.348      ;
; -1.204 ; innerMedian:a_dev|innerMedian.med$16:med$16|total[1]                                      ; innerMedian:a_dev|innerMedian.med$16:med$16|fifo_counter[0] ; clk          ; clk         ; 1.000        ; 0.157      ; 2.348      ;
; -1.204 ; innerMedian:a_dev|innerMedian.med$16:med$16|total[1]                                      ; innerMedian:a_dev|innerMedian.med$16:med$16|fifo_counter[2] ; clk          ; clk         ; 1.000        ; 0.157      ; 2.348      ;
; -1.203 ; innerMedian:a_dev|innerMedian.med$16:med$16|index[0]                                      ; innerMedian:a_dev|innerMedian.med$16:med$16|fifo_counter[3] ; clk          ; clk         ; 1.000        ; -0.042     ; 2.148      ;
; -1.202 ; innerMedian:a_dev|innerMedian.med$16:med$16|index[1]                                      ; innerMedian:a_dev|innerMedian.med$16:med$16|fifo_counter[1] ; clk          ; clk         ; 1.000        ; 0.150      ; 2.339      ;
; -1.202 ; innerMedian:a_dev|innerMedian.med$16:med$16|index[1]                                      ; innerMedian:a_dev|innerMedian.med$16:med$16|fifo_counter[0] ; clk          ; clk         ; 1.000        ; 0.150      ; 2.339      ;
; -1.202 ; innerMedian:a_dev|innerMedian.med$16:med$16|index[1]                                      ; innerMedian:a_dev|innerMedian.med$16:med$16|fifo_counter[2] ; clk          ; clk         ; 1.000        ; 0.150      ; 2.339      ;
; -1.200 ; innerMedian:a_dev|innerMedian.med$16:med$16|fsm_state[1]                                  ; innerMedian:a_dev|innerMedian.med$16:med$16|offset[2]       ; clk          ; clk         ; 1.000        ; -0.032     ; 2.155      ;
; -1.185 ; innerMedian:a_dev|innerMedian.med$16:med$16|fsm_state[1]                                  ; innerMedian:a_dev|innerMedian.med$16:med$16|offset[3]       ; clk          ; clk         ; 1.000        ; -0.032     ; 2.140      ;
; -1.185 ; innerMedian:a_dev|innerMedian.med$16:med$16|index[2]                                      ; innerMedian:a_dev|innerMedian.med$16:med$16|fifo_counter[1] ; clk          ; clk         ; 1.000        ; 0.150      ; 2.322      ;
; -1.185 ; innerMedian:a_dev|innerMedian.med$16:med$16|index[2]                                      ; innerMedian:a_dev|innerMedian.med$16:med$16|fifo_counter[0] ; clk          ; clk         ; 1.000        ; 0.150      ; 2.322      ;
; -1.185 ; innerMedian:a_dev|innerMedian.med$16:med$16|index[2]                                      ; innerMedian:a_dev|innerMedian.med$16:med$16|fifo_counter[2] ; clk          ; clk         ; 1.000        ; 0.150      ; 2.322      ;
; -1.181 ; innerMedian:a_dev|innerMedian.med$16:med$16|innerMedian.med$16.init_fifo:init_fifo|_0_[0] ; innerMedian:a_dev|innerMedian.med$16:med$16|offset[2]       ; clk          ; clk         ; 1.000        ; -0.033     ; 2.135      ;
; -1.174 ; innerMedian:a_dev|innerMedian.med$16:med$16|fifo_counter[0]                               ; innerMedian:a_dev|innerMedian.med$16:med$16|total[0]        ; clk          ; clk         ; 1.000        ; -0.237     ; 1.924      ;
; -1.174 ; innerMedian:a_dev|innerMedian.med$16:med$16|fifo_counter[0]                               ; innerMedian:a_dev|innerMedian.med$16:med$16|total[1]        ; clk          ; clk         ; 1.000        ; -0.237     ; 1.924      ;
; -1.174 ; innerMedian:a_dev|innerMedian.med$16:med$16|fifo_counter[0]                               ; innerMedian:a_dev|innerMedian.med$16:med$16|total[2]        ; clk          ; clk         ; 1.000        ; -0.237     ; 1.924      ;
; -1.172 ; innerMedian:a_dev|innerMedian.med$16:med$16|total[2]                                      ; innerMedian:a_dev|innerMedian.med$16:med$16|fifo_counter[1] ; clk          ; clk         ; 1.000        ; 0.157      ; 2.316      ;
; -1.172 ; innerMedian:a_dev|innerMedian.med$16:med$16|total[2]                                      ; innerMedian:a_dev|innerMedian.med$16:med$16|fifo_counter[0] ; clk          ; clk         ; 1.000        ; 0.157      ; 2.316      ;
; -1.172 ; innerMedian:a_dev|innerMedian.med$16:med$16|total[2]                                      ; innerMedian:a_dev|innerMedian.med$16:med$16|fifo_counter[2] ; clk          ; clk         ; 1.000        ; 0.157      ; 2.316      ;
; -1.166 ; innerMedian:a_dev|innerMedian.med$16:med$16|innerMedian.med$16.init_fifo:init_fifo|_0_[0] ; innerMedian:a_dev|innerMedian.med$16:med$16|offset[3]       ; clk          ; clk         ; 1.000        ; -0.033     ; 2.120      ;
; -1.166 ; innerMedian:a_dev|innerMedian.med$16:med$16|fsm_state[2]                                  ; innerMedian:a_dev|innerMedian.med$16:med$16|total[0]        ; clk          ; clk         ; 1.000        ; -0.054     ; 2.099      ;
; -1.166 ; innerMedian:a_dev|innerMedian.med$16:med$16|fsm_state[2]                                  ; innerMedian:a_dev|innerMedian.med$16:med$16|total[1]        ; clk          ; clk         ; 1.000        ; -0.054     ; 2.099      ;
; -1.166 ; innerMedian:a_dev|innerMedian.med$16:med$16|fsm_state[2]                                  ; innerMedian:a_dev|innerMedian.med$16:med$16|total[2]        ; clk          ; clk         ; 1.000        ; -0.054     ; 2.099      ;
; -1.153 ; innerMedian:a_dev|innerMedian.med$16:med$16|fsm_state[0]                                  ; innerMedian:a_dev|innerMedian.med$16:med$16|offset[2]       ; clk          ; clk         ; 1.000        ; -0.049     ; 2.091      ;
; -1.149 ; innerMedian:a_dev|innerMedian.med$16:med$16|stable_counter[1]                             ; innerMedian:a_dev|innerMedian.med$16:med$16|fifo_counter[3] ; clk          ; clk         ; 1.000        ; -0.051     ; 2.085      ;
; -1.145 ; innerMedian:a_dev|innerMedian.med$16:med$16|offset[2]                                     ; innerMedian:a_dev|innerMedian.med$16:med$16|fsm_state[0]    ; clk          ; clk         ; 1.000        ; -0.023     ; 2.109      ;
; -1.139 ; innerMedian:a_dev|innerMedian.med$16:med$16|offset[1]                                     ; innerMedian:a_dev|innerMedian.med$16:med$16|fsm_state[0]    ; clk          ; clk         ; 1.000        ; -0.023     ; 2.103      ;
; -1.138 ; innerMedian:a_dev|innerMedian.med$16:med$16|fsm_state[0]                                  ; innerMedian:a_dev|innerMedian.med$16:med$16|offset[3]       ; clk          ; clk         ; 1.000        ; -0.049     ; 2.076      ;
; -1.133 ; innerMedian:a_dev|innerMedian.med$16:med$16|fifo_counter[0]                               ; innerMedian:a_dev|innerMedian.med$16:med$16|offset[0]       ; clk          ; clk         ; 1.000        ; -0.232     ; 1.888      ;
; -1.133 ; innerMedian:a_dev|innerMedian.med$16:med$16|fifo_counter[0]                               ; innerMedian:a_dev|innerMedian.med$16:med$16|offset[1]       ; clk          ; clk         ; 1.000        ; -0.232     ; 1.888      ;
; -1.133 ; innerMedian:a_dev|innerMedian.med$16:med$16|fifo_counter[0]                               ; innerMedian:a_dev|innerMedian.med$16:med$16|offset[2]       ; clk          ; clk         ; 1.000        ; -0.232     ; 1.888      ;
; -1.121 ; innerMedian:a_dev|innerMedian.med$16:med$16|fsm_state[1]                                  ; innerMedian:a_dev|innerMedian.med$16:med$16|offset[1]       ; clk          ; clk         ; 1.000        ; -0.032     ; 2.076      ;
; -1.115 ; innerMedian:a_dev|innerMedian.med$16:med$16|fifo_counter[3]                               ; innerMedian:a_dev|innerMedian.med$16:med$16|index[0]        ; clk          ; clk         ; 1.000        ; -0.030     ; 2.072      ;
; -1.115 ; innerMedian:a_dev|innerMedian.med$16:med$16|fifo_counter[3]                               ; innerMedian:a_dev|innerMedian.med$16:med$16|index[3]        ; clk          ; clk         ; 1.000        ; -0.030     ; 2.072      ;
; -1.115 ; innerMedian:a_dev|innerMedian.med$16:med$16|fifo_counter[3]                               ; innerMedian:a_dev|innerMedian.med$16:med$16|index[1]        ; clk          ; clk         ; 1.000        ; -0.030     ; 2.072      ;
; -1.115 ; innerMedian:a_dev|innerMedian.med$16:med$16|fifo_counter[3]                               ; innerMedian:a_dev|innerMedian.med$16:med$16|index[2]        ; clk          ; clk         ; 1.000        ; -0.030     ; 2.072      ;
; -1.105 ; innerMedian:a_dev|innerMedian.med$16:med$16|stable_counter[0]                             ; innerMedian:a_dev|innerMedian.med$16:med$16|fifo_counter[3] ; clk          ; clk         ; 1.000        ; -0.051     ; 2.041      ;
; -1.104 ; innerMedian:a_dev|innerMedian.med$16:med$16|stable_counter[1]                             ; innerMedian:a_dev|innerMedian.med$16:med$16|index[0]        ; clk          ; clk         ; 1.000        ; -0.045     ; 2.046      ;
; -1.104 ; innerMedian:a_dev|innerMedian.med$16:med$16|stable_counter[1]                             ; innerMedian:a_dev|innerMedian.med$16:med$16|index[3]        ; clk          ; clk         ; 1.000        ; -0.045     ; 2.046      ;
; -1.104 ; innerMedian:a_dev|innerMedian.med$16:med$16|stable_counter[1]                             ; innerMedian:a_dev|innerMedian.med$16:med$16|index[1]        ; clk          ; clk         ; 1.000        ; -0.045     ; 2.046      ;
; -1.104 ; innerMedian:a_dev|innerMedian.med$16:med$16|stable_counter[1]                             ; innerMedian:a_dev|innerMedian.med$16:med$16|index[2]        ; clk          ; clk         ; 1.000        ; -0.045     ; 2.046      ;
; -1.102 ; innerMedian:a_dev|innerMedian.med$16:med$16|innerMedian.med$16.init_fifo:init_fifo|_0_[0] ; innerMedian:a_dev|innerMedian.med$16:med$16|offset[1]       ; clk          ; clk         ; 1.000        ; -0.033     ; 2.056      ;
; -1.099 ; innerMedian:a_dev|innerMedian.med$16:med$16|stable_counter[1]                             ; innerMedian:a_dev|innerMedian.med$16:med$16|offset[2]       ; clk          ; clk         ; 1.000        ; -0.047     ; 2.039      ;
; -1.091 ; innerMedian:a_dev|innerMedian.med$16:med$16|stable_counter[1]                             ; innerMedian:a_dev|innerMedian.med$16:med$16|total[0]        ; clk          ; clk         ; 1.000        ; -0.052     ; 2.026      ;
; -1.091 ; innerMedian:a_dev|innerMedian.med$16:med$16|stable_counter[1]                             ; innerMedian:a_dev|innerMedian.med$16:med$16|total[1]        ; clk          ; clk         ; 1.000        ; -0.052     ; 2.026      ;
+--------+-------------------------------------------------------------------------------------------+-------------------------------------------------------------+--------------+-------------+--------------+------------+------------+


+--------------------------------------------------------------------------------------------------------------------------------------------------------------------------------------------------------------------------------------------------------------------------------------------+
; Fast 1200mV 0C Model Hold: 'clk'                                                                                                                                                                                                                                                           ;
+-------+-----------------------------------------------------------------------------------------------------+--------------------------------------------------------------------------------------------------------+--------------+-------------+--------------+------------+------------+
; Slack ; From Node                                                                                           ; To Node                                                                                                ; Launch Clock ; Latch Clock ; Relationship ; Clock Skew ; Data Delay ;
+-------+-----------------------------------------------------------------------------------------------------+--------------------------------------------------------------------------------------------------------+--------------+-------------+--------------+------------+------------+
; 0.186 ; innerMedian:a_dev|innerMedian.med$16:med$16|innerMedian.med$16.high_fifo:high_fifo|_0_[0]           ; innerMedian:a_dev|innerMedian.med$16:med$16|innerMedian.med$16.high_fifo:high_fifo|_0_[0]              ; clk          ; clk         ; 0.000        ; 0.037      ; 0.307      ;
; 0.186 ; innerMedian:a_dev|innerMedian.med$16:med$16|innerMedian.med$16.high_fifo:high_fifo|memory[1][0]     ; innerMedian:a_dev|innerMedian.med$16:med$16|innerMedian.med$16.high_fifo:high_fifo|memory[1][0]        ; clk          ; clk         ; 0.000        ; 0.037      ; 0.307      ;
; 0.186 ; innerMedian:a_dev|innerMedian.med$16:med$16|innerMedian.med$16.high_fifo:high_fifo|memory[0][0]     ; innerMedian:a_dev|innerMedian.med$16:med$16|innerMedian.med$16.high_fifo:high_fifo|memory[0][0]        ; clk          ; clk         ; 0.000        ; 0.037      ; 0.307      ;
; 0.186 ; innerMedian:a_dev|innerMedian.med$16:med$16|innerMedian.med$16.high_fifo:high_fifo|memory[3][0]     ; innerMedian:a_dev|innerMedian.med$16:med$16|innerMedian.med$16.high_fifo:high_fifo|memory[3][0]        ; clk          ; clk         ; 0.000        ; 0.037      ; 0.307      ;
; 0.186 ; innerMedian:a_dev|innerMedian.med$16:med$16|innerMedian.med$16.high_fifo:high_fifo|memory[2][0]     ; innerMedian:a_dev|innerMedian.med$16:med$16|innerMedian.med$16.high_fifo:high_fifo|memory[2][0]        ; clk          ; clk         ; 0.000        ; 0.037      ; 0.307      ;
; 0.186 ; innerMedian:a_dev|innerMedian.med$16:med$16|innerMedian.med$16.high_fifo:high_fifo|memory[4][0]     ; innerMedian:a_dev|innerMedian.med$16:med$16|innerMedian.med$16.high_fifo:high_fifo|memory[4][0]        ; clk          ; clk         ; 0.000        ; 0.037      ; 0.307      ;
; 0.186 ; innerMedian:a_dev|innerMedian.med$16:med$16|innerMedian.med$16.high_fifo:high_fifo|memory[6][0]     ; innerMedian:a_dev|innerMedian.med$16:med$16|innerMedian.med$16.high_fifo:high_fifo|memory[6][0]        ; clk          ; clk         ; 0.000        ; 0.037      ; 0.307      ;
; 0.186 ; innerMedian:a_dev|innerMedian.med$16:med$16|innerMedian.med$16.high_fifo:high_fifo|memory[7][0]     ; innerMedian:a_dev|innerMedian.med$16:med$16|innerMedian.med$16.high_fifo:high_fifo|memory[7][0]        ; clk          ; clk         ; 0.000        ; 0.037      ; 0.307      ;
; 0.186 ; innerMedian:a_dev|innerMedian.med$16:med$16|innerMedian.med$16.high_fifo:high_fifo|memory[5][0]     ; innerMedian:a_dev|innerMedian.med$16:med$16|innerMedian.med$16.high_fifo:high_fifo|memory[5][0]        ; clk          ; clk         ; 0.000        ; 0.037      ; 0.307      ;
; 0.186 ; innerMedian:a_dev|innerMedian.med$16:med$16|innerMedian.med$16.high_fifo:high_fifo|memory[8][0]     ; innerMedian:a_dev|innerMedian.med$16:med$16|innerMedian.med$16.high_fifo:high_fifo|memory[8][0]        ; clk          ; clk         ; 0.000        ; 0.037      ; 0.307      ;
; 0.186 ; innerMedian:a_dev|innerMedian.med$16:med$16|innerMedian.med$16.low_fifo:low_fifo|_0_[0]             ; innerMedian:a_dev|innerMedian.med$16:med$16|innerMedian.med$16.low_fifo:low_fifo|_0_[0]                ; clk          ; clk         ; 0.000        ; 0.037      ; 0.307      ;
; 0.186 ; innerMedian:a_dev|innerMedian.med$16:med$16|innerMedian.med$16.low_fifo:low_fifo|memory[8][0]       ; innerMedian:a_dev|innerMedian.med$16:med$16|innerMedian.med$16.low_fifo:low_fifo|memory[8][0]          ; clk          ; clk         ; 0.000        ; 0.037      ; 0.307      ;
; 0.186 ; innerMedian:a_dev|innerMedian.med$16:med$16|innerMedian.med$16.low_fifo:low_fifo|r_addr[1]          ; innerMedian:a_dev|innerMedian.med$16:med$16|innerMedian.med$16.low_fifo:low_fifo|r_addr[1]             ; clk          ; clk         ; 0.000        ; 0.037      ; 0.307      ;
; 0.186 ; innerMedian:a_dev|innerMedian.med$16:med$16|innerMedian.med$16.high_fifo:high_fifo|w_addr[1]        ; innerMedian:a_dev|innerMedian.med$16:med$16|innerMedian.med$16.high_fifo:high_fifo|w_addr[1]           ; clk          ; clk         ; 0.000        ; 0.037      ; 0.307      ;
; 0.187 ; innerMedian:a_dev|innerMedian.med$16:med$16|innerMedian.med$16.init_fifo:init_fifo|memory[8][0]     ; innerMedian:a_dev|innerMedian.med$16:med$16|innerMedian.med$16.init_fifo:init_fifo|memory[8][0]        ; clk          ; clk         ; 0.000        ; 0.036      ; 0.307      ;
; 0.187 ; innerMedian:a_dev|innerMedian.med$16:med$16|innerMedian.med$16.init_fifo:init_fifo|_0_[0]           ; innerMedian:a_dev|innerMedian.med$16:med$16|innerMedian.med$16.init_fifo:init_fifo|_0_[0]              ; clk          ; clk         ; 0.000        ; 0.036      ; 0.307      ;
; 0.187 ; innerMedian:a_dev|innerMedian.med$16:med$16|innerMedian.med$16.init_fifo:init_fifo|memory[7][0]     ; innerMedian:a_dev|innerMedian.med$16:med$16|innerMedian.med$16.init_fifo:init_fifo|memory[7][0]        ; clk          ; clk         ; 0.000        ; 0.036      ; 0.307      ;
; 0.187 ; innerMedian:a_dev|innerMedian.med$16:med$16|innerMedian.med$16.init_fifo:init_fifo|memory[3][0]     ; innerMedian:a_dev|innerMedian.med$16:med$16|innerMedian.med$16.init_fifo:init_fifo|memory[3][0]        ; clk          ; clk         ; 0.000        ; 0.036      ; 0.307      ;
; 0.187 ; innerMedian:a_dev|innerMedian.med$16:med$16|innerMedian.med$16.init_fifo:init_fifo|memory[5][0]     ; innerMedian:a_dev|innerMedian.med$16:med$16|innerMedian.med$16.init_fifo:init_fifo|memory[5][0]        ; clk          ; clk         ; 0.000        ; 0.036      ; 0.307      ;
; 0.187 ; innerMedian:a_dev|innerMedian.med$16:med$16|innerMedian.med$16.init_fifo:init_fifo|memory[1][0]     ; innerMedian:a_dev|innerMedian.med$16:med$16|innerMedian.med$16.init_fifo:init_fifo|memory[1][0]        ; clk          ; clk         ; 0.000        ; 0.036      ; 0.307      ;
; 0.187 ; innerMedian:a_dev|innerMedian.med$16:med$16|innerMedian.med$16.init_fifo:init_fifo|memory[6][0]     ; innerMedian:a_dev|innerMedian.med$16:med$16|innerMedian.med$16.init_fifo:init_fifo|memory[6][0]        ; clk          ; clk         ; 0.000        ; 0.036      ; 0.307      ;
; 0.187 ; innerMedian:a_dev|innerMedian.med$16:med$16|innerMedian.med$16.init_fifo:init_fifo|memory[2][0]     ; innerMedian:a_dev|innerMedian.med$16:med$16|innerMedian.med$16.init_fifo:init_fifo|memory[2][0]        ; clk          ; clk         ; 0.000        ; 0.036      ; 0.307      ;
; 0.187 ; innerMedian:a_dev|innerMedian.med$16:med$16|innerMedian.med$16.init_fifo:init_fifo|w_addr[1]        ; innerMedian:a_dev|innerMedian.med$16:med$16|innerMedian.med$16.init_fifo:init_fifo|w_addr[1]           ; clk          ; clk         ; 0.000        ; 0.036      ; 0.307      ;
; 0.187 ; innerMedian:a_dev|innerMedian.med$16:med$16|innerMedian.med$16.init_fifo:init_fifo|memory[4][0]     ; innerMedian:a_dev|innerMedian.med$16:med$16|innerMedian.med$16.init_fifo:init_fifo|memory[4][0]        ; clk          ; clk         ; 0.000        ; 0.036      ; 0.307      ;
; 0.187 ; innerMedian:a_dev|innerMedian.med$16:med$16|innerMedian.med$16.init_fifo:init_fifo|memory[0][0]     ; innerMedian:a_dev|innerMedian.med$16:med$16|innerMedian.med$16.init_fifo:init_fifo|memory[0][0]        ; clk          ; clk         ; 0.000        ; 0.036      ; 0.307      ;
; 0.187 ; innerMedian:a_dev|innerMedian.med$16:med$16|fsm_state[2]                                            ; innerMedian:a_dev|innerMedian.med$16:med$16|fsm_state[2]                                               ; clk          ; clk         ; 0.000        ; 0.036      ; 0.307      ;
; 0.187 ; innerMedian:a_dev|innerMedian.med$16:med$16|fsm_state[0]                                            ; innerMedian:a_dev|innerMedian.med$16:med$16|fsm_state[0]                                               ; clk          ; clk         ; 0.000        ; 0.036      ; 0.307      ;
; 0.187 ; innerMedian:a_dev|innerMedian.med$16:med$16|clr_n$23                                                ; innerMedian:a_dev|innerMedian.med$16:med$16|clr_n$23                                                   ; clk          ; clk         ; 0.000        ; 0.036      ; 0.307      ;
; 0.187 ; innerMedian:a_dev|innerMedian.med$16:med$16|stable_counter[0]                                       ; innerMedian:a_dev|innerMedian.med$16:med$16|stable_counter[0]                                          ; clk          ; clk         ; 0.000        ; 0.036      ; 0.307      ;
; 0.187 ; innerMedian:a_dev|innerMedian.med$16:med$16|stable_counter[1]                                       ; innerMedian:a_dev|innerMedian.med$16:med$16|stable_counter[1]                                          ; clk          ; clk         ; 0.000        ; 0.036      ; 0.307      ;
; 0.187 ; innerMedian:a_dev|innerMedian.med$16:med$16|offset[3]                                               ; innerMedian:a_dev|innerMedian.med$16:med$16|offset[3]                                                  ; clk          ; clk         ; 0.000        ; 0.036      ; 0.307      ;
; 0.187 ; innerMedian:a_dev|innerMedian.med$16:med$16|clr_n$24                                                ; innerMedian:a_dev|innerMedian.med$16:med$16|clr_n$24                                                   ; clk          ; clk         ; 0.000        ; 0.036      ; 0.307      ;
; 0.187 ; innerMedian:a_dev|innerMedian.med$16:med$16|pop$35                                                  ; innerMedian:a_dev|innerMedian.med$16:med$16|pop$35                                                     ; clk          ; clk         ; 0.000        ; 0.036      ; 0.307      ;
; 0.187 ; innerMedian:a_dev|innerMedian.med$16:med$16|innerMedian.med$16.low_fifo:low_fifo|memory[6][0]       ; innerMedian:a_dev|innerMedian.med$16:med$16|innerMedian.med$16.low_fifo:low_fifo|memory[6][0]          ; clk          ; clk         ; 0.000        ; 0.036      ; 0.307      ;
; 0.187 ; innerMedian:a_dev|innerMedian.med$16:med$16|innerMedian.med$16.low_fifo:low_fifo|memory[4][0]       ; innerMedian:a_dev|innerMedian.med$16:med$16|innerMedian.med$16.low_fifo:low_fifo|memory[4][0]          ; clk          ; clk         ; 0.000        ; 0.036      ; 0.307      ;
; 0.187 ; innerMedian:a_dev|innerMedian.med$16:med$16|innerMedian.med$16.low_fifo:low_fifo|memory[5][0]       ; innerMedian:a_dev|innerMedian.med$16:med$16|innerMedian.med$16.low_fifo:low_fifo|memory[5][0]          ; clk          ; clk         ; 0.000        ; 0.036      ; 0.307      ;
; 0.187 ; innerMedian:a_dev|innerMedian.med$16:med$16|innerMedian.med$16.low_fifo:low_fifo|memory[7][0]       ; innerMedian:a_dev|innerMedian.med$16:med$16|innerMedian.med$16.low_fifo:low_fifo|memory[7][0]          ; clk          ; clk         ; 0.000        ; 0.036      ; 0.307      ;
; 0.187 ; innerMedian:a_dev|innerMedian.med$16:med$16|innerMedian.med$16.low_fifo:low_fifo|memory[2][0]       ; innerMedian:a_dev|innerMedian.med$16:med$16|innerMedian.med$16.low_fifo:low_fifo|memory[2][0]          ; clk          ; clk         ; 0.000        ; 0.036      ; 0.307      ;
; 0.187 ; innerMedian:a_dev|innerMedian.med$16:med$16|innerMedian.med$16.low_fifo:low_fifo|memory[0][0]       ; innerMedian:a_dev|innerMedian.med$16:med$16|innerMedian.med$16.low_fifo:low_fifo|memory[0][0]          ; clk          ; clk         ; 0.000        ; 0.036      ; 0.307      ;
; 0.187 ; innerMedian:a_dev|innerMedian.med$16:med$16|innerMedian.med$16.low_fifo:low_fifo|memory[1][0]       ; innerMedian:a_dev|innerMedian.med$16:med$16|innerMedian.med$16.low_fifo:low_fifo|memory[1][0]          ; clk          ; clk         ; 0.000        ; 0.036      ; 0.307      ;
; 0.187 ; innerMedian:a_dev|innerMedian.med$16:med$16|innerMedian.med$16.low_fifo:low_fifo|memory[3][0]       ; innerMedian:a_dev|innerMedian.med$16:med$16|innerMedian.med$16.low_fifo:low_fifo|memory[3][0]          ; clk          ; clk         ; 0.000        ; 0.036      ; 0.307      ;
; 0.187 ; innerMedian:a_dev|innerMedian.med$16:med$16|buffer[0]                                               ; innerMedian:a_dev|innerMedian.med$16:med$16|buffer[0]                                                  ; clk          ; clk         ; 0.000        ; 0.036      ; 0.307      ;
; 0.187 ; innerMedian:a_dev|innerMedian.med$16:med$16|innerMedian.med$16.init_fifo:init_fifo|r_addr[1]        ; innerMedian:a_dev|innerMedian.med$16:med$16|innerMedian.med$16.init_fifo:init_fifo|r_addr[1]           ; clk          ; clk         ; 0.000        ; 0.036      ; 0.307      ;
; 0.187 ; innerMedian:a_dev|innerMedian.med$16:med$16|innerMedian.med$16.low_fifo:low_fifo|w_addr[1]          ; innerMedian:a_dev|innerMedian.med$16:med$16|innerMedian.med$16.low_fifo:low_fifo|w_addr[1]             ; clk          ; clk         ; 0.000        ; 0.036      ; 0.307      ;
; 0.187 ; innerMedian:a_dev|innerMedian.med$16:med$16|innerMedian.med$16.high_fifo:high_fifo|r_addr[1]        ; innerMedian:a_dev|innerMedian.med$16:med$16|innerMedian.med$16.high_fifo:high_fifo|r_addr[1]           ; clk          ; clk         ; 0.000        ; 0.036      ; 0.307      ;
; 0.193 ; innerMedian:a_dev|innerMedian.med$16:med$16|innerMedian.med$16.low_fifo:low_fifo|r_addr[0]          ; innerMedian:a_dev|innerMedian.med$16:med$16|innerMedian.med$16.low_fifo:low_fifo|r_addr[0]             ; clk          ; clk         ; 0.000        ; 0.037      ; 0.314      ;
; 0.193 ; innerMedian:a_dev|innerMedian.med$16:med$16|innerMedian.med$16.high_fifo:high_fifo|w_addr[0]        ; innerMedian:a_dev|innerMedian.med$16:med$16|innerMedian.med$16.high_fifo:high_fifo|w_addr[0]           ; clk          ; clk         ; 0.000        ; 0.037      ; 0.314      ;
; 0.194 ; innerMedian:a_dev|innerMedian.med$16:med$16|innerMedian.med$16.init_fifo:init_fifo|w_addr[0]        ; innerMedian:a_dev|innerMedian.med$16:med$16|innerMedian.med$16.init_fifo:init_fifo|w_addr[0]           ; clk          ; clk         ; 0.000        ; 0.036      ; 0.314      ;
; 0.194 ; innerMedian:a_dev|innerMedian.med$16:med$16|innerMedian.med$16.init_fifo:init_fifo|r_addr[0]        ; innerMedian:a_dev|innerMedian.med$16:med$16|innerMedian.med$16.init_fifo:init_fifo|r_addr[0]           ; clk          ; clk         ; 0.000        ; 0.036      ; 0.314      ;
; 0.194 ; innerMedian:a_dev|innerMedian.med$16:med$16|innerMedian.med$16.low_fifo:low_fifo|w_addr[0]          ; innerMedian:a_dev|innerMedian.med$16:med$16|innerMedian.med$16.low_fifo:low_fifo|w_addr[0]             ; clk          ; clk         ; 0.000        ; 0.036      ; 0.314      ;
; 0.194 ; innerMedian:a_dev|innerMedian.med$16:med$16|innerMedian.med$16.high_fifo:high_fifo|r_addr[0]        ; innerMedian:a_dev|innerMedian.med$16:med$16|innerMedian.med$16.high_fifo:high_fifo|r_addr[0]           ; clk          ; clk         ; 0.000        ; 0.036      ; 0.314      ;
; 0.203 ; innerMedian:a_dev|innerMedian.med$16:med$16|innerMedian.med$16.low_fifo:low_fifo|r_addr[3]          ; innerMedian:a_dev|innerMedian.med$16:med$16|innerMedian.med$16.low_fifo:low_fifo|memory_r_addr$17[3]   ; clk          ; clk         ; 0.000        ; 0.037      ; 0.324      ;
; 0.207 ; innerMedian:a_dev|innerMedian.med$16:med$16|innerMedian.med$16.init_fifo:init_fifo|w_addr[2]        ; innerMedian:a_dev|innerMedian.med$16:med$16|innerMedian.med$16.init_fifo:init_fifo|memory_w_addr[2]    ; clk          ; clk         ; 0.000        ; 0.036      ; 0.327      ;
; 0.210 ; innerMedian:a_dev|innerMedian.med$16:med$16|innerMedian.med$16.init_fifo:init_fifo|w_addr[0]        ; innerMedian:a_dev|innerMedian.med$16:med$16|innerMedian.med$16.init_fifo:init_fifo|memory_w_addr[0]    ; clk          ; clk         ; 0.000        ; 0.036      ; 0.330      ;
; 0.210 ; innerMedian:a_dev|innerMedian.med$16:med$16|innerMedian.med$16.init_fifo:init_fifo|w_addr[0]        ; innerMedian:a_dev|innerMedian.med$16:med$16|innerMedian.med$16.init_fifo:init_fifo|w_addr[1]           ; clk          ; clk         ; 0.000        ; 0.036      ; 0.330      ;
; 0.213 ; innerMedian:a_dev|innerMedian.med$16:med$16|innerMedian.med$16.low_fifo:low_fifo|r_addr[0]          ; innerMedian:a_dev|innerMedian.med$16:med$16|innerMedian.med$16.low_fifo:low_fifo|r_addr[1]             ; clk          ; clk         ; 0.000        ; 0.037      ; 0.334      ;
; 0.218 ; innerMedian:a_dev|innerMedian.med$16:med$16|innerMedian.med$16.low_fifo:low_fifo|w_addr[0]          ; innerMedian:a_dev|innerMedian.med$16:med$16|innerMedian.med$16.low_fifo:low_fifo|w_addr[1]             ; clk          ; clk         ; 0.000        ; 0.036      ; 0.338      ;
; 0.262 ; innerMedian:a_dev|innerMedian.med$16:med$16|innerMedian.med$16.init_fifo:init_fifo|r_addr[3]        ; innerMedian:a_dev|innerMedian.med$16:med$16|innerMedian.med$16.init_fifo:init_fifo|memory_r_addr$17[3] ; clk          ; clk         ; 0.000        ; 0.036      ; 0.382      ;
; 0.262 ; innerMedian:a_dev|innerMedian.med$16:med$16|innerMedian.med$16.init_fifo:init_fifo|w_addr[3]        ; innerMedian:a_dev|innerMedian.med$16:med$16|innerMedian.med$16.init_fifo:init_fifo|memory_w_addr[3]    ; clk          ; clk         ; 0.000        ; 0.036      ; 0.382      ;
; 0.264 ; innerMedian:a_dev|innerMedian.med$16:med$16|innerMedian.med$16.high_fifo:high_fifo|r_addr[3]        ; innerMedian:a_dev|innerMedian.med$16:med$16|innerMedian.med$16.high_fifo:high_fifo|memory_r_addr$17[3] ; clk          ; clk         ; 0.000        ; 0.036      ; 0.384      ;
; 0.265 ; innerMedian:a_dev|innerMedian.med$16:med$16|innerMedian.med$16.high_fifo:high_fifo|w_addr[1]        ; innerMedian:a_dev|innerMedian.med$16:med$16|innerMedian.med$16.high_fifo:high_fifo|memory_w_addr[1]    ; clk          ; clk         ; 0.000        ; 0.037      ; 0.386      ;
; 0.266 ; innerMedian:a_dev|innerMedian.med$16:med$16|innerMedian.med$16.init_fifo:init_fifo|w_addr[1]        ; innerMedian:a_dev|innerMedian.med$16:med$16|innerMedian.med$16.init_fifo:init_fifo|memory_w_addr[1]    ; clk          ; clk         ; 0.000        ; 0.036      ; 0.386      ;
; 0.269 ; innerMedian:a_dev|innerMedian.med$16:med$16|innerMedian.med$16.low_fifo:low_fifo|w_addr[1]          ; innerMedian:a_dev|innerMedian.med$16:med$16|innerMedian.med$16.low_fifo:low_fifo|memory_w_addr[1]      ; clk          ; clk         ; 0.000        ; 0.036      ; 0.389      ;
; 0.308 ; innerMedian:a_dev|innerMedian.med$16:med$16|innerMedian.med$16.low_fifo:low_fifo|r_addr[2]          ; innerMedian:a_dev|innerMedian.med$16:med$16|innerMedian.med$16.low_fifo:low_fifo|memory_r_addr$17[2]   ; clk          ; clk         ; 0.000        ; 0.037      ; 0.429      ;
; 0.330 ; innerMedian:a_dev|innerMedian.med$16:med$16|innerMedian.med$16.high_fifo:high_fifo|w_addr[2]        ; innerMedian:a_dev|innerMedian.med$16:med$16|innerMedian.med$16.high_fifo:high_fifo|memory_w_addr[2]    ; clk          ; clk         ; 0.000        ; 0.037      ; 0.451      ;
; 0.332 ; innerMedian:a_dev|innerMedian.med$16:med$16|innerMedian.med$16.high_fifo:high_fifo|r_addr[2]        ; innerMedian:a_dev|innerMedian.med$16:med$16|innerMedian.med$16.high_fifo:high_fifo|memory_r_addr$17[2] ; clk          ; clk         ; 0.000        ; 0.036      ; 0.452      ;
; 0.344 ; innerMedian:a_dev|innerMedian.med$16:med$16|innerMedian.med$16.low_fifo:low_fifo|r_addr[1]          ; innerMedian:a_dev|innerMedian.med$16:med$16|innerMedian.med$16.low_fifo:low_fifo|memory_r_addr$17[1]   ; clk          ; clk         ; 0.000        ; 0.038      ; 0.466      ;
; 0.347 ; innerMedian:a_dev|innerMedian.med$16:med$16|innerMedian.med$16.high_fifo:high_fifo|r_addr[0]        ; innerMedian:a_dev|innerMedian.med$16:med$16|innerMedian.med$16.high_fifo:high_fifo|r_addr[1]           ; clk          ; clk         ; 0.000        ; 0.036      ; 0.467      ;
; 0.351 ; innerMedian:a_dev|innerMedian.med$16:med$16|innerMedian.med$16.init_fifo:init_fifo|r_addr[0]        ; innerMedian:a_dev|innerMedian.med$16:med$16|innerMedian.med$16.init_fifo:init_fifo|r_addr[1]           ; clk          ; clk         ; 0.000        ; 0.036      ; 0.471      ;
; 0.361 ; innerMedian:a_dev|innerMedian.med$16:med$16|innerMedian.med$16.low_fifo:low_fifo|r_addr[2]          ; innerMedian:a_dev|innerMedian.med$16:med$16|innerMedian.med$16.low_fifo:low_fifo|r_addr[3]             ; clk          ; clk         ; 0.000        ; 0.037      ; 0.482      ;
; 0.368 ; innerMedian:a_dev|innerMedian.med$16:med$16|index[3]                                                ; innerMedian:a_dev|innerMedian.med$16:med$16|index[3]                                                   ; clk          ; clk         ; 0.000        ; 0.036      ; 0.488      ;
; 0.369 ; innerMedian:a_dev|innerMedian.med$16:med$16|fsm_state[2]                                            ; innerMedian:a_dev|innerMedian.med$16:med$16|push$33                                                    ; clk          ; clk         ; 0.000        ; 0.036      ; 0.489      ;
; 0.376 ; innerMedian:a_dev|innerMedian.med$16:med$16|innerMedian.med$16.init_fifo:init_fifo|w_addr[0]        ; innerMedian:a_dev|innerMedian.med$16:med$16|innerMedian.med$16.init_fifo:init_fifo|w_addr[3]           ; clk          ; clk         ; 0.000        ; 0.036      ; 0.496      ;
; 0.376 ; innerMedian:a_dev|innerMedian.med$16:med$16|innerMedian.med$16.init_fifo:init_fifo|w_addr[0]        ; innerMedian:a_dev|innerMedian.med$16:med$16|innerMedian.med$16.init_fifo:init_fifo|w_addr[2]           ; clk          ; clk         ; 0.000        ; 0.036      ; 0.496      ;
; 0.377 ; innerMedian:a_dev|innerMedian.med$16:med$16|innerMedian.med$16.init_fifo:init_fifo|r_addr[1]        ; innerMedian:a_dev|innerMedian.med$16:med$16|innerMedian.med$16.init_fifo:init_fifo|r_addr[0]           ; clk          ; clk         ; 0.000        ; 0.036      ; 0.497      ;
; 0.378 ; innerMedian:a_dev|innerMedian.med$16:med$16|innerMedian.med$16.init_fifo:init_fifo|r_addr[2]        ; innerMedian:a_dev|innerMedian.med$16:med$16|innerMedian.med$16.init_fifo:init_fifo|memory_r_addr$17[2] ; clk          ; clk         ; 0.000        ; 0.043      ; 0.505      ;
; 0.378 ; innerMedian:a_dev|innerMedian.med$16:med$16|innerMedian.med$16.init_fifo:init_fifo|r_addr[1]        ; innerMedian:a_dev|innerMedian.med$16:med$16|innerMedian.med$16.init_fifo:init_fifo|r_addr[3]           ; clk          ; clk         ; 0.000        ; 0.036      ; 0.498      ;
; 0.378 ; innerMedian:a_dev|innerMedian.med$16:med$16|innerMedian.med$16.init_fifo:init_fifo|r_addr[1]        ; innerMedian:a_dev|innerMedian.med$16:med$16|innerMedian.med$16.init_fifo:init_fifo|r_addr[2]           ; clk          ; clk         ; 0.000        ; 0.036      ; 0.498      ;
; 0.379 ; innerMedian:a_dev|innerMedian.med$16:med$16|innerMedian.med$16.init_fifo:init_fifo|r_addr[1]        ; innerMedian:a_dev|innerMedian.med$16:med$16|innerMedian.med$16.init_fifo:init_fifo|memory_r_addr$17[1] ; clk          ; clk         ; 0.000        ; 0.033      ; 0.496      ;
; 0.392 ; innerMedian:a_dev|innerMedian.med$16:med$16|innerMedian.med$16.high_fifo:high_fifo|memory_w_addr[3] ; innerMedian:a_dev|innerMedian.med$16:med$16|innerMedian.med$16.high_fifo:high_fifo|memory[8][0]        ; clk          ; clk         ; 0.000        ; 0.037      ; 0.513      ;
; 0.401 ; innerMedian:a_dev|innerMedian.med$16:med$16|innerMedian.med$16.init_fifo:init_fifo|r_addr[0]        ; innerMedian:a_dev|innerMedian.med$16:med$16|innerMedian.med$16.init_fifo:init_fifo|memory_r_addr$17[0] ; clk          ; clk         ; 0.000        ; 0.033      ; 0.518      ;
; 0.402 ; innerMedian:a_dev|innerMedian.med$16:med$16|fsm_state[2]                                            ; innerMedian:a_dev|innerMedian.med$16:med$16|push$34                                                    ; clk          ; clk         ; 0.000        ; 0.036      ; 0.522      ;
; 0.404 ; innerMedian:a_dev|innerMedian.med$16:med$16|innerMedian.med$16.low_fifo:low_fifo|memory[8][0]       ; innerMedian:a_dev|innerMedian.med$16:med$16|innerMedian.med$16.low_fifo:low_fifo|_0_[0]                ; clk          ; clk         ; 0.000        ; 0.037      ; 0.525      ;
; 0.405 ; innerMedian:a_dev|innerMedian.med$16:med$16|innerMedian.med$16.low_fifo:low_fifo|memory_w_addr[3]   ; innerMedian:a_dev|innerMedian.med$16:med$16|innerMedian.med$16.low_fifo:low_fifo|memory[8][0]          ; clk          ; clk         ; 0.000        ; 0.038      ; 0.527      ;
; 0.411 ; innerMedian:a_dev|innerMedian.med$16:med$16|innerMedian.med$16.high_fifo:high_fifo|r_addr[0]        ; innerMedian:a_dev|innerMedian.med$16:med$16|innerMedian.med$16.high_fifo:high_fifo|memory_r_addr$17[0] ; clk          ; clk         ; 0.000        ; 0.037      ; 0.532      ;
; 0.412 ; innerMedian:a_dev|innerMedian.med$16:med$16|innerMedian.med$16.high_fifo:high_fifo|w_addr[0]        ; innerMedian:a_dev|innerMedian.med$16:med$16|innerMedian.med$16.high_fifo:high_fifo|w_addr[1]           ; clk          ; clk         ; 0.000        ; 0.037      ; 0.533      ;
; 0.424 ; innerMedian:a_dev|innerMedian.med$16:med$16|innerMedian.med$16.low_fifo:low_fifo|r_addr[1]          ; innerMedian:a_dev|innerMedian.med$16:med$16|innerMedian.med$16.low_fifo:low_fifo|r_addr[2]             ; clk          ; clk         ; 0.000        ; 0.037      ; 0.545      ;
; 0.426 ; innerMedian:a_dev|innerMedian.med$16:med$16|innerMedian.med$16.low_fifo:low_fifo|w_addr[2]          ; innerMedian:a_dev|innerMedian.med$16:med$16|innerMedian.med$16.low_fifo:low_fifo|w_addr[3]             ; clk          ; clk         ; 0.000        ; 0.036      ; 0.546      ;
; 0.430 ; innerMedian:a_dev|innerMedian.med$16:med$16|innerMedian.med$16.high_fifo:high_fifo|r_addr[0]        ; innerMedian:a_dev|innerMedian.med$16:med$16|innerMedian.med$16.high_fifo:high_fifo|r_addr[3]           ; clk          ; clk         ; 0.000        ; 0.036      ; 0.550      ;
; 0.430 ; innerMedian:a_dev|innerMedian.med$16:med$16|innerMedian.med$16.init_fifo:init_fifo|w_addr[1]        ; innerMedian:a_dev|innerMedian.med$16:med$16|innerMedian.med$16.init_fifo:init_fifo|w_addr[3]           ; clk          ; clk         ; 0.000        ; 0.036      ; 0.550      ;
; 0.430 ; innerMedian:a_dev|innerMedian.med$16:med$16|innerMedian.med$16.init_fifo:init_fifo|w_addr[1]        ; innerMedian:a_dev|innerMedian.med$16:med$16|innerMedian.med$16.init_fifo:init_fifo|w_addr[2]           ; clk          ; clk         ; 0.000        ; 0.036      ; 0.550      ;
; 0.432 ; innerMedian:a_dev|innerMedian.med$16:med$16|innerMedian.med$16.low_fifo:low_fifo|w_addr[0]          ; innerMedian:a_dev|innerMedian.med$16:med$16|innerMedian.med$16.low_fifo:low_fifo|w_addr[2]             ; clk          ; clk         ; 0.000        ; 0.036      ; 0.552      ;
; 0.432 ; innerMedian:a_dev|innerMedian.med$16:med$16|innerMedian.med$16.high_fifo:high_fifo|w_addr[1]        ; innerMedian:a_dev|innerMedian.med$16:med$16|innerMedian.med$16.high_fifo:high_fifo|w_addr[0]           ; clk          ; clk         ; 0.000        ; 0.037      ; 0.553      ;
; 0.433 ; innerMedian:a_dev|innerMedian.med$16:med$16|innerMedian.med$16.high_fifo:high_fifo|r_addr[0]        ; innerMedian:a_dev|innerMedian.med$16:med$16|innerMedian.med$16.high_fifo:high_fifo|r_addr[2]           ; clk          ; clk         ; 0.000        ; 0.036      ; 0.553      ;
; 0.433 ; innerMedian:a_dev|innerMedian.med$16:med$16|innerMedian.med$16.init_fifo:init_fifo|w_addr[1]        ; innerMedian:a_dev|innerMedian.med$16:med$16|innerMedian.med$16.init_fifo:init_fifo|w_addr[0]           ; clk          ; clk         ; 0.000        ; 0.036      ; 0.553      ;
; 0.434 ; innerMedian:a_dev|innerMedian.med$16:med$16|innerMedian.med$16.high_fifo:high_fifo|r_addr[1]        ; innerMedian:a_dev|innerMedian.med$16:med$16|innerMedian.med$16.high_fifo:high_fifo|memory_r_addr$17[1] ; clk          ; clk         ; 0.000        ; 0.037      ; 0.555      ;
; 0.445 ; innerMedian:a_dev|innerMedian.med$16:med$16|stable_counter[0]                                       ; innerMedian:a_dev|innerMedian.med$16:med$16|stable_counter[1]                                          ; clk          ; clk         ; 0.000        ; 0.036      ; 0.565      ;
; 0.447 ; innerMedian:a_dev|innerMedian.med$16:med$16|innerMedian.med$16.init_fifo:init_fifo|memory[8][0]     ; innerMedian:a_dev|innerMedian.med$16:med$16|innerMedian.med$16.init_fifo:init_fifo|_0_[0]              ; clk          ; clk         ; 0.000        ; 0.036      ; 0.567      ;
; 0.447 ; innerMedian:a_dev|innerMedian.med$16:med$16|innerMedian.med$16.init_fifo:init_fifo|r_addr[3]        ; innerMedian:a_dev|innerMedian.med$16:med$16|innerMedian.med$16.init_fifo:init_fifo|r_addr[0]           ; clk          ; clk         ; 0.000        ; 0.036      ; 0.567      ;
; 0.448 ; innerMedian:a_dev|innerMedian.med$16:med$16|innerMedian.med$16.init_fifo:init_fifo|r_addr[3]        ; innerMedian:a_dev|innerMedian.med$16:med$16|innerMedian.med$16.init_fifo:init_fifo|r_addr[3]           ; clk          ; clk         ; 0.000        ; 0.036      ; 0.568      ;
+-------+-----------------------------------------------------------------------------------------------------+--------------------------------------------------------------------------------------------------------+--------------+-------------+--------------+------------+------------+


----------------------------------------------
; Fast 1200mV 0C Model Metastability Summary ;
----------------------------------------------
No synchronizer chains to report.


+--------------------------------------------------------------------------------+
; Multicorner Timing Analysis Summary                                            ;
+------------------+----------+-------+----------+---------+---------------------+
; Clock            ; Setup    ; Hold  ; Recovery ; Removal ; Minimum Pulse Width ;
+------------------+----------+-------+----------+---------+---------------------+
; Worst-case Slack ; -3.858   ; 0.186 ; N/A      ; N/A     ; -3.000              ;
;  clk             ; -3.858   ; 0.186 ; N/A      ; N/A     ; -3.000              ;
; Design-wide TNS  ; -232.881 ; 0.0   ; 0.0      ; 0.0     ; -141.78             ;
;  clk             ; -232.881 ; 0.000 ; N/A      ; N/A     ; -141.780            ;
+------------------+----------+-------+----------+---------+---------------------+


+------------------------------------------------------------------------------------------------------------------------------------------------------------------------------------------------------------------------------------------------------------------------------------------------------------------------------------------------------------------------------------------------------------------+
; Board Trace Model Assignments                                                                                                                                                                                                                                                                                                                                                                                    ;
+---------------+--------------+-------------------+-------------------------+-------------------------+---------------+---------------------+----------------+------------------+--------+------------------+------------------------+------------------------+--------------+---------------+-----------------+-------+---------------------+--------------------+---------------+-----------------+-------------+
; Pin           ; I/O Standard ; Near Tline Length ; Near Tline L per Length ; Near Tline C per Length ; Near Series R ; Near Differential R ; Near Pull-up R ; Near Pull-down R ; Near C ; Far Tline Length ; Far Tline L per Length ; Far Tline C per Length ; Far Series R ; Far Pull-up R ; Far Pull-down R ; Far C ; Termination Voltage ; Far Differential R ; EBD File Name ; EBD Signal Name ; EBD Far-end ;
+---------------+--------------+-------------------+-------------------------+-------------------------+---------------+---------------------+----------------+------------------+--------+------------------+------------------------+------------------------+--------------+---------------+-----------------+-------+---------------------+--------------------+---------------+-----------------+-------------+
; med[0]        ; 2.5 V        ; 0 in              ; 0 H/in                  ; 0 F/in                  ; short         ; -                   ; open           ; open             ; open   ; 0 in             ; 0 H/in                 ; 0 F/in                 ; short        ; open          ; open            ; open  ; 0 V                 ; -                  ; n/a           ; n/a             ; n/a         ;
; med[1]        ; 2.5 V        ; 0 in              ; 0 H/in                  ; 0 F/in                  ; short         ; -                   ; open           ; open             ; open   ; 0 in             ; 0 H/in                 ; 0 F/in                 ; short        ; open          ; open            ; open  ; 0 V                 ; -                  ; n/a           ; n/a             ; n/a         ;
; med[2]        ; 2.5 V        ; 0 in              ; 0 H/in                  ; 0 F/in                  ; short         ; -                   ; open           ; open             ; open   ; 0 in             ; 0 H/in                 ; 0 F/in                 ; short        ; open          ; open            ; open  ; 0 V                 ; -                  ; n/a           ; n/a             ; n/a         ;
; med[3]        ; 2.5 V        ; 0 in              ; 0 H/in                  ; 0 F/in                  ; short         ; -                   ; open           ; open             ; open   ; 0 in             ; 0 H/in                 ; 0 F/in                 ; short        ; open          ; open            ; open  ; 0 V                 ; -                  ; n/a           ; n/a             ; n/a         ;
; med[4]        ; 2.5 V        ; 0 in              ; 0 H/in                  ; 0 F/in                  ; short         ; -                   ; open           ; open             ; open   ; 0 in             ; 0 H/in                 ; 0 F/in                 ; short        ; open          ; open            ; open  ; 0 V                 ; -                  ; n/a           ; n/a             ; n/a         ;
; med[5]        ; 2.5 V        ; 0 in              ; 0 H/in                  ; 0 F/in                  ; short         ; -                   ; open           ; open             ; open   ; 0 in             ; 0 H/in                 ; 0 F/in                 ; short        ; open          ; open            ; open  ; 0 V                 ; -                  ; n/a           ; n/a             ; n/a         ;
; med[6]        ; 2.5 V        ; 0 in              ; 0 H/in                  ; 0 F/in                  ; short         ; -                   ; open           ; open             ; open   ; 0 in             ; 0 H/in                 ; 0 F/in                 ; short        ; open          ; open            ; open  ; 0 V                 ; -                  ; n/a           ; n/a             ; n/a         ;
; med[7]        ; 2.5 V        ; 0 in              ; 0 H/in                  ; 0 F/in                  ; short         ; -                   ; open           ; open             ; open   ; 0 in             ; 0 H/in                 ; 0 F/in                 ; short        ; open          ; open            ; open  ; 0 V                 ; -                  ; n/a           ; n/a             ; n/a         ;
; ~ALTERA_DCLK~ ; 2.5 V        ; 0 in              ; 0 H/in                  ; 0 F/in                  ; short         ; -                   ; open           ; open             ; open   ; 0 in             ; 0 H/in                 ; 0 F/in                 ; short        ; open          ; open            ; open  ; 0 V                 ; -                  ; n/a           ; n/a             ; n/a         ;
; ~ALTERA_nCEO~ ; 2.5 V        ; 0 in              ; 0 H/in                  ; 0 F/in                  ; short         ; -                   ; open           ; open             ; open   ; 0 in             ; 0 H/in                 ; 0 F/in                 ; short        ; open          ; open            ; open  ; 0 V                 ; -                  ; n/a           ; n/a             ; n/a         ;
+---------------+--------------+-------------------+-------------------------+-------------------------+---------------+---------------------+----------------+------------------+--------+------------------+------------------------+------------------------+--------------+---------------+-----------------+-------+---------------------+--------------------+---------------+-----------------+-------------+


+----------------------------------------------------------------------------+
; Input Transition Times                                                     ;
+-------------------------+--------------+-----------------+-----------------+
; Pin                     ; I/O Standard ; 10-90 Rise Time ; 90-10 Fall Time ;
+-------------------------+--------------+-----------------+-----------------+
; arr[0][0][0]            ; 2.5 V        ; 2000 ps         ; 2000 ps         ;
; arr[0][0][1]            ; 2.5 V        ; 2000 ps         ; 2000 ps         ;
; arr[0][0][2]            ; 2.5 V        ; 2000 ps         ; 2000 ps         ;
; arr[0][0][3]            ; 2.5 V        ; 2000 ps         ; 2000 ps         ;
; arr[0][0][4]            ; 2.5 V        ; 2000 ps         ; 2000 ps         ;
; arr[0][0][5]            ; 2.5 V        ; 2000 ps         ; 2000 ps         ;
; arr[0][0][6]            ; 2.5 V        ; 2000 ps         ; 2000 ps         ;
; arr[0][0][7]            ; 2.5 V        ; 2000 ps         ; 2000 ps         ;
; arr[0][1][0]            ; 2.5 V        ; 2000 ps         ; 2000 ps         ;
; arr[0][1][1]            ; 2.5 V        ; 2000 ps         ; 2000 ps         ;
; arr[0][1][2]            ; 2.5 V        ; 2000 ps         ; 2000 ps         ;
; arr[0][1][3]            ; 2.5 V        ; 2000 ps         ; 2000 ps         ;
; arr[0][1][4]            ; 2.5 V        ; 2000 ps         ; 2000 ps         ;
; arr[0][1][5]            ; 2.5 V        ; 2000 ps         ; 2000 ps         ;
; arr[0][1][6]            ; 2.5 V        ; 2000 ps         ; 2000 ps         ;
; arr[0][1][7]            ; 2.5 V        ; 2000 ps         ; 2000 ps         ;
; arr[0][2][0]            ; 2.5 V        ; 2000 ps         ; 2000 ps         ;
; arr[0][2][1]            ; 2.5 V        ; 2000 ps         ; 2000 ps         ;
; arr[0][2][2]            ; 2.5 V        ; 2000 ps         ; 2000 ps         ;
; arr[0][2][3]            ; 2.5 V        ; 2000 ps         ; 2000 ps         ;
; arr[0][2][4]            ; 2.5 V        ; 2000 ps         ; 2000 ps         ;
; arr[0][2][5]            ; 2.5 V        ; 2000 ps         ; 2000 ps         ;
; arr[0][2][6]            ; 2.5 V        ; 2000 ps         ; 2000 ps         ;
; arr[0][2][7]            ; 2.5 V        ; 2000 ps         ; 2000 ps         ;
; arr[1][0][0]            ; 2.5 V        ; 2000 ps         ; 2000 ps         ;
; arr[1][0][1]            ; 2.5 V        ; 2000 ps         ; 2000 ps         ;
; arr[1][0][2]            ; 2.5 V        ; 2000 ps         ; 2000 ps         ;
; arr[1][0][3]            ; 2.5 V        ; 2000 ps         ; 2000 ps         ;
; arr[1][0][4]            ; 2.5 V        ; 2000 ps         ; 2000 ps         ;
; arr[1][0][5]            ; 2.5 V        ; 2000 ps         ; 2000 ps         ;
; arr[1][0][6]            ; 2.5 V        ; 2000 ps         ; 2000 ps         ;
; arr[1][0][7]            ; 2.5 V        ; 2000 ps         ; 2000 ps         ;
; arr[1][1][0]            ; 2.5 V        ; 2000 ps         ; 2000 ps         ;
; arr[1][1][1]            ; 2.5 V        ; 2000 ps         ; 2000 ps         ;
; arr[1][1][2]            ; 2.5 V        ; 2000 ps         ; 2000 ps         ;
; arr[1][1][3]            ; 2.5 V        ; 2000 ps         ; 2000 ps         ;
; arr[1][1][4]            ; 2.5 V        ; 2000 ps         ; 2000 ps         ;
; arr[1][1][5]            ; 2.5 V        ; 2000 ps         ; 2000 ps         ;
; arr[1][1][6]            ; 2.5 V        ; 2000 ps         ; 2000 ps         ;
; arr[1][1][7]            ; 2.5 V        ; 2000 ps         ; 2000 ps         ;
; arr[1][2][0]            ; 2.5 V        ; 2000 ps         ; 2000 ps         ;
; arr[1][2][1]            ; 2.5 V        ; 2000 ps         ; 2000 ps         ;
; arr[1][2][2]            ; 2.5 V        ; 2000 ps         ; 2000 ps         ;
; arr[1][2][3]            ; 2.5 V        ; 2000 ps         ; 2000 ps         ;
; arr[1][2][4]            ; 2.5 V        ; 2000 ps         ; 2000 ps         ;
; arr[1][2][5]            ; 2.5 V        ; 2000 ps         ; 2000 ps         ;
; arr[1][2][6]            ; 2.5 V        ; 2000 ps         ; 2000 ps         ;
; arr[1][2][7]            ; 2.5 V        ; 2000 ps         ; 2000 ps         ;
; arr[2][0][0]            ; 2.5 V        ; 2000 ps         ; 2000 ps         ;
; arr[2][0][1]            ; 2.5 V        ; 2000 ps         ; 2000 ps         ;
; arr[2][0][2]            ; 2.5 V        ; 2000 ps         ; 2000 ps         ;
; arr[2][0][3]            ; 2.5 V        ; 2000 ps         ; 2000 ps         ;
; arr[2][0][4]            ; 2.5 V        ; 2000 ps         ; 2000 ps         ;
; arr[2][0][5]            ; 2.5 V        ; 2000 ps         ; 2000 ps         ;
; arr[2][0][6]            ; 2.5 V        ; 2000 ps         ; 2000 ps         ;
; arr[2][0][7]            ; 2.5 V        ; 2000 ps         ; 2000 ps         ;
; arr[2][1][0]            ; 2.5 V        ; 2000 ps         ; 2000 ps         ;
; arr[2][1][1]            ; 2.5 V        ; 2000 ps         ; 2000 ps         ;
; arr[2][1][2]            ; 2.5 V        ; 2000 ps         ; 2000 ps         ;
; arr[2][1][3]            ; 2.5 V        ; 2000 ps         ; 2000 ps         ;
; arr[2][1][4]            ; 2.5 V        ; 2000 ps         ; 2000 ps         ;
; arr[2][1][5]            ; 2.5 V        ; 2000 ps         ; 2000 ps         ;
; arr[2][1][6]            ; 2.5 V        ; 2000 ps         ; 2000 ps         ;
; arr[2][1][7]            ; 2.5 V        ; 2000 ps         ; 2000 ps         ;
; arr[2][2][0]            ; 2.5 V        ; 2000 ps         ; 2000 ps         ;
; arr[2][2][1]            ; 2.5 V        ; 2000 ps         ; 2000 ps         ;
; arr[2][2][2]            ; 2.5 V        ; 2000 ps         ; 2000 ps         ;
; arr[2][2][3]            ; 2.5 V        ; 2000 ps         ; 2000 ps         ;
; arr[2][2][4]            ; 2.5 V        ; 2000 ps         ; 2000 ps         ;
; arr[2][2][5]            ; 2.5 V        ; 2000 ps         ; 2000 ps         ;
; arr[2][2][6]            ; 2.5 V        ; 2000 ps         ; 2000 ps         ;
; arr[2][2][7]            ; 2.5 V        ; 2000 ps         ; 2000 ps         ;
; clk                     ; 2.5 V        ; 2000 ps         ; 2000 ps         ;
; clr_n                   ; 2.5 V        ; 2000 ps         ; 2000 ps         ;
; ~ALTERA_ASDO_DATA1~     ; 2.5 V        ; 2000 ps         ; 2000 ps         ;
; ~ALTERA_FLASH_nCE_nCSO~ ; 2.5 V        ; 2000 ps         ; 2000 ps         ;
; ~ALTERA_DATA0~          ; 2.5 V        ; 2000 ps         ; 2000 ps         ;
+-------------------------+--------------+-----------------+-----------------+


+--------------------------------------------------------------------------------------------------------------------------------------------------------------------------------------------------------------------------------------------------------------------------------------------------------------------------------------------------------------------------------------------------------------------------------------------------------------------------------------------------------------------------------------------------------------------------------------------------------------------------------------------------------------------------------------------+
; Signal Integrity Metrics (Slow 1200mv 0c Model)                                                                                                                                                                                                                                                                                                                                                                                                                                                                                                                                                                                                                                            ;
+---------------+--------------+---------------------+---------------------+------------------------------+------------------------------+---------------------+---------------------+--------------------------------------+--------------------------------------+-----------------------------+-----------------------------+----------------------------+----------------------------+-----------------------------+-----------------------------+--------------------+--------------------+-------------------------------------+-------------------------------------+----------------------------+----------------------------+---------------------------+---------------------------+
; Pin           ; I/O Standard ; Board Delay on Rise ; Board Delay on Fall ; Steady State Voh at FPGA Pin ; Steady State Vol at FPGA Pin ; Voh Max at FPGA Pin ; Vol Min at FPGA Pin ; Ringback Voltage on Rise at FPGA Pin ; Ringback Voltage on Fall at FPGA Pin ; 10-90 Rise Time at FPGA Pin ; 90-10 Fall Time at FPGA Pin ; Monotonic Rise at FPGA Pin ; Monotonic Fall at FPGA Pin ; Steady State Voh at Far-end ; Steady State Vol at Far-end ; Voh Max at Far-end ; Vol Min at Far-end ; Ringback Voltage on Rise at Far-end ; Ringback Voltage on Fall at Far-end ; 10-90 Rise Time at Far-end ; 90-10 Fall Time at Far-end ; Monotonic Rise at Far-end ; Monotonic Fall at Far-end ;
+---------------+--------------+---------------------+---------------------+------------------------------+------------------------------+---------------------+---------------------+--------------------------------------+--------------------------------------+-----------------------------+-----------------------------+----------------------------+----------------------------+-----------------------------+-----------------------------+--------------------+--------------------+-------------------------------------+-------------------------------------+----------------------------+----------------------------+---------------------------+---------------------------+
; med[0]        ; 2.5 V        ; 0 s                 ; 0 s                 ; 2.32 V                       ; 4.49e-09 V                   ; 2.38 V              ; -0.00552 V          ; 0.096 V                              ; 0.019 V                              ; 4.18e-10 s                  ; 3.59e-10 s                  ; No                         ; Yes                        ; 2.32 V                      ; 4.49e-09 V                  ; 2.38 V             ; -0.00552 V         ; 0.096 V                             ; 0.019 V                             ; 4.18e-10 s                 ; 3.59e-10 s                 ; No                        ; Yes                       ;
; med[1]        ; 2.5 V        ; 0 s                 ; 0 s                 ; 2.32 V                       ; 4.49e-09 V                   ; 2.38 V              ; -0.00552 V          ; 0.096 V                              ; 0.019 V                              ; 4.18e-10 s                  ; 3.59e-10 s                  ; No                         ; Yes                        ; 2.32 V                      ; 4.49e-09 V                  ; 2.38 V             ; -0.00552 V         ; 0.096 V                             ; 0.019 V                             ; 4.18e-10 s                 ; 3.59e-10 s                 ; No                        ; Yes                       ;
; med[2]        ; 2.5 V        ; 0 s                 ; 0 s                 ; 2.32 V                       ; 4.49e-09 V                   ; 2.38 V              ; -0.00552 V          ; 0.096 V                              ; 0.019 V                              ; 4.18e-10 s                  ; 3.59e-10 s                  ; No                         ; Yes                        ; 2.32 V                      ; 4.49e-09 V                  ; 2.38 V             ; -0.00552 V         ; 0.096 V                             ; 0.019 V                             ; 4.18e-10 s                 ; 3.59e-10 s                 ; No                        ; Yes                       ;
; med[3]        ; 2.5 V        ; 0 s                 ; 0 s                 ; 2.32 V                       ; 4.49e-09 V                   ; 2.38 V              ; -0.00552 V          ; 0.096 V                              ; 0.019 V                              ; 4.18e-10 s                  ; 3.59e-10 s                  ; No                         ; Yes                        ; 2.32 V                      ; 4.49e-09 V                  ; 2.38 V             ; -0.00552 V         ; 0.096 V                             ; 0.019 V                             ; 4.18e-10 s                 ; 3.59e-10 s                 ; No                        ; Yes                       ;
; med[4]        ; 2.5 V        ; 0 s                 ; 0 s                 ; 2.32 V                       ; 4.49e-09 V                   ; 2.38 V              ; -0.00552 V          ; 0.096 V                              ; 0.019 V                              ; 4.18e-10 s                  ; 3.59e-10 s                  ; No                         ; Yes                        ; 2.32 V                      ; 4.49e-09 V                  ; 2.38 V             ; -0.00552 V         ; 0.096 V                             ; 0.019 V                             ; 4.18e-10 s                 ; 3.59e-10 s                 ; No                        ; Yes                       ;
; med[5]        ; 2.5 V        ; 0 s                 ; 0 s                 ; 2.32 V                       ; 4.49e-09 V                   ; 2.38 V              ; -0.00552 V          ; 0.096 V                              ; 0.019 V                              ; 4.18e-10 s                  ; 3.59e-10 s                  ; No                         ; Yes                        ; 2.32 V                      ; 4.49e-09 V                  ; 2.38 V             ; -0.00552 V         ; 0.096 V                             ; 0.019 V                             ; 4.18e-10 s                 ; 3.59e-10 s                 ; No                        ; Yes                       ;
; med[6]        ; 2.5 V        ; 0 s                 ; 0 s                 ; 2.32 V                       ; 4.49e-09 V                   ; 2.38 V              ; -0.00552 V          ; 0.096 V                              ; 0.019 V                              ; 4.18e-10 s                  ; 3.59e-10 s                  ; No                         ; Yes                        ; 2.32 V                      ; 4.49e-09 V                  ; 2.38 V             ; -0.00552 V         ; 0.096 V                             ; 0.019 V                             ; 4.18e-10 s                 ; 3.59e-10 s                 ; No                        ; Yes                       ;
; med[7]        ; 2.5 V        ; 0 s                 ; 0 s                 ; 2.32 V                       ; 4.49e-09 V                   ; 2.38 V              ; -0.00552 V          ; 0.096 V                              ; 0.019 V                              ; 4.18e-10 s                  ; 3.59e-10 s                  ; No                         ; Yes                        ; 2.32 V                      ; 4.49e-09 V                  ; 2.38 V             ; -0.00552 V         ; 0.096 V                             ; 0.019 V                             ; 4.18e-10 s                 ; 3.59e-10 s                 ; No                        ; Yes                       ;
; ~ALTERA_DCLK~ ; 2.5 V        ; 0 s                 ; 0 s                 ; 2.32 V                       ; 2.67e-09 V                   ; 2.38 V              ; -0.0485 V           ; 0.167 V                              ; 0.096 V                              ; 2.95e-10 s                  ; 2.73e-10 s                  ; Yes                        ; Yes                        ; 2.32 V                      ; 2.67e-09 V                  ; 2.38 V             ; -0.0485 V          ; 0.167 V                             ; 0.096 V                             ; 2.95e-10 s                 ; 2.73e-10 s                 ; Yes                       ; Yes                       ;
; ~ALTERA_nCEO~ ; 2.5 V        ; 0 s                 ; 0 s                 ; 2.32 V                       ; 4.18e-09 V                   ; 2.38 V              ; -0.00483 V          ; 0.152 V                              ; 0.012 V                              ; 4.81e-10 s                  ; 6.29e-10 s                  ; Yes                        ; Yes                        ; 2.32 V                      ; 4.18e-09 V                  ; 2.38 V             ; -0.00483 V         ; 0.152 V                             ; 0.012 V                             ; 4.81e-10 s                 ; 6.29e-10 s                 ; Yes                       ; Yes                       ;
+---------------+--------------+---------------------+---------------------+------------------------------+------------------------------+---------------------+---------------------+--------------------------------------+--------------------------------------+-----------------------------+-----------------------------+----------------------------+----------------------------+-----------------------------+-----------------------------+--------------------+--------------------+-------------------------------------+-------------------------------------+----------------------------+----------------------------+---------------------------+---------------------------+


+--------------------------------------------------------------------------------------------------------------------------------------------------------------------------------------------------------------------------------------------------------------------------------------------------------------------------------------------------------------------------------------------------------------------------------------------------------------------------------------------------------------------------------------------------------------------------------------------------------------------------------------------------------------------------------------------+
; Signal Integrity Metrics (Slow 1200mv 85c Model)                                                                                                                                                                                                                                                                                                                                                                                                                                                                                                                                                                                                                                           ;
+---------------+--------------+---------------------+---------------------+------------------------------+------------------------------+---------------------+---------------------+--------------------------------------+--------------------------------------+-----------------------------+-----------------------------+----------------------------+----------------------------+-----------------------------+-----------------------------+--------------------+--------------------+-------------------------------------+-------------------------------------+----------------------------+----------------------------+---------------------------+---------------------------+
; Pin           ; I/O Standard ; Board Delay on Rise ; Board Delay on Fall ; Steady State Voh at FPGA Pin ; Steady State Vol at FPGA Pin ; Voh Max at FPGA Pin ; Vol Min at FPGA Pin ; Ringback Voltage on Rise at FPGA Pin ; Ringback Voltage on Fall at FPGA Pin ; 10-90 Rise Time at FPGA Pin ; 90-10 Fall Time at FPGA Pin ; Monotonic Rise at FPGA Pin ; Monotonic Fall at FPGA Pin ; Steady State Voh at Far-end ; Steady State Vol at Far-end ; Voh Max at Far-end ; Vol Min at Far-end ; Ringback Voltage on Rise at Far-end ; Ringback Voltage on Fall at Far-end ; 10-90 Rise Time at Far-end ; 90-10 Fall Time at Far-end ; Monotonic Rise at Far-end ; Monotonic Fall at Far-end ;
+---------------+--------------+---------------------+---------------------+------------------------------+------------------------------+---------------------+---------------------+--------------------------------------+--------------------------------------+-----------------------------+-----------------------------+----------------------------+----------------------------+-----------------------------+-----------------------------+--------------------+--------------------+-------------------------------------+-------------------------------------+----------------------------+----------------------------+---------------------------+---------------------------+
; med[0]        ; 2.5 V        ; 0 s                 ; 0 s                 ; 2.32 V                       ; 6.92e-07 V                   ; 2.35 V              ; -0.00996 V          ; 0.121 V                              ; 0.03 V                               ; 4.64e-10 s                  ; 4.47e-10 s                  ; Yes                        ; Yes                        ; 2.32 V                      ; 6.92e-07 V                  ; 2.35 V             ; -0.00996 V         ; 0.121 V                             ; 0.03 V                              ; 4.64e-10 s                 ; 4.47e-10 s                 ; Yes                       ; Yes                       ;
; med[1]        ; 2.5 V        ; 0 s                 ; 0 s                 ; 2.32 V                       ; 6.92e-07 V                   ; 2.35 V              ; -0.00996 V          ; 0.121 V                              ; 0.03 V                               ; 4.64e-10 s                  ; 4.47e-10 s                  ; Yes                        ; Yes                        ; 2.32 V                      ; 6.92e-07 V                  ; 2.35 V             ; -0.00996 V         ; 0.121 V                             ; 0.03 V                              ; 4.64e-10 s                 ; 4.47e-10 s                 ; Yes                       ; Yes                       ;
; med[2]        ; 2.5 V        ; 0 s                 ; 0 s                 ; 2.32 V                       ; 6.92e-07 V                   ; 2.35 V              ; -0.00996 V          ; 0.121 V                              ; 0.03 V                               ; 4.64e-10 s                  ; 4.47e-10 s                  ; Yes                        ; Yes                        ; 2.32 V                      ; 6.92e-07 V                  ; 2.35 V             ; -0.00996 V         ; 0.121 V                             ; 0.03 V                              ; 4.64e-10 s                 ; 4.47e-10 s                 ; Yes                       ; Yes                       ;
; med[3]        ; 2.5 V        ; 0 s                 ; 0 s                 ; 2.32 V                       ; 6.92e-07 V                   ; 2.35 V              ; -0.00996 V          ; 0.121 V                              ; 0.03 V                               ; 4.64e-10 s                  ; 4.47e-10 s                  ; Yes                        ; Yes                        ; 2.32 V                      ; 6.92e-07 V                  ; 2.35 V             ; -0.00996 V         ; 0.121 V                             ; 0.03 V                              ; 4.64e-10 s                 ; 4.47e-10 s                 ; Yes                       ; Yes                       ;
; med[4]        ; 2.5 V        ; 0 s                 ; 0 s                 ; 2.32 V                       ; 6.92e-07 V                   ; 2.35 V              ; -0.00996 V          ; 0.121 V                              ; 0.03 V                               ; 4.64e-10 s                  ; 4.47e-10 s                  ; Yes                        ; Yes                        ; 2.32 V                      ; 6.92e-07 V                  ; 2.35 V             ; -0.00996 V         ; 0.121 V                             ; 0.03 V                              ; 4.64e-10 s                 ; 4.47e-10 s                 ; Yes                       ; Yes                       ;
; med[5]        ; 2.5 V        ; 0 s                 ; 0 s                 ; 2.32 V                       ; 6.92e-07 V                   ; 2.35 V              ; -0.00996 V          ; 0.121 V                              ; 0.03 V                               ; 4.64e-10 s                  ; 4.47e-10 s                  ; Yes                        ; Yes                        ; 2.32 V                      ; 6.92e-07 V                  ; 2.35 V             ; -0.00996 V         ; 0.121 V                             ; 0.03 V                              ; 4.64e-10 s                 ; 4.47e-10 s                 ; Yes                       ; Yes                       ;
; med[6]        ; 2.5 V        ; 0 s                 ; 0 s                 ; 2.32 V                       ; 6.92e-07 V                   ; 2.35 V              ; -0.00996 V          ; 0.121 V                              ; 0.03 V                               ; 4.64e-10 s                  ; 4.47e-10 s                  ; Yes                        ; Yes                        ; 2.32 V                      ; 6.92e-07 V                  ; 2.35 V             ; -0.00996 V         ; 0.121 V                             ; 0.03 V                              ; 4.64e-10 s                 ; 4.47e-10 s                 ; Yes                       ; Yes                       ;
; med[7]        ; 2.5 V        ; 0 s                 ; 0 s                 ; 2.32 V                       ; 6.92e-07 V                   ; 2.35 V              ; -0.00996 V          ; 0.121 V                              ; 0.03 V                               ; 4.64e-10 s                  ; 4.47e-10 s                  ; Yes                        ; Yes                        ; 2.32 V                      ; 6.92e-07 V                  ; 2.35 V             ; -0.00996 V         ; 0.121 V                             ; 0.03 V                              ; 4.64e-10 s                 ; 4.47e-10 s                 ; Yes                       ; Yes                       ;
; ~ALTERA_DCLK~ ; 2.5 V        ; 0 s                 ; 0 s                 ; 2.32 V                       ; 3.75e-07 V                   ; 2.35 V              ; -0.0109 V           ; 0.084 V                              ; 0.027 V                              ; 4.31e-10 s                  ; 3.61e-10 s                  ; Yes                        ; Yes                        ; 2.32 V                      ; 3.75e-07 V                  ; 2.35 V             ; -0.0109 V          ; 0.084 V                             ; 0.027 V                             ; 4.31e-10 s                 ; 3.61e-10 s                 ; Yes                       ; Yes                       ;
; ~ALTERA_nCEO~ ; 2.5 V        ; 0 s                 ; 0 s                 ; 2.32 V                       ; 6.15e-07 V                   ; 2.35 V              ; -0.00712 V          ; 0.093 V                              ; 0.02 V                               ; 6.21e-10 s                  ; 7.9e-10 s                   ; Yes                        ; Yes                        ; 2.32 V                      ; 6.15e-07 V                  ; 2.35 V             ; -0.00712 V         ; 0.093 V                             ; 0.02 V                              ; 6.21e-10 s                 ; 7.9e-10 s                  ; Yes                       ; Yes                       ;
+---------------+--------------+---------------------+---------------------+------------------------------+------------------------------+---------------------+---------------------+--------------------------------------+--------------------------------------+-----------------------------+-----------------------------+----------------------------+----------------------------+-----------------------------+-----------------------------+--------------------+--------------------+-------------------------------------+-------------------------------------+----------------------------+----------------------------+---------------------------+---------------------------+


+--------------------------------------------------------------------------------------------------------------------------------------------------------------------------------------------------------------------------------------------------------------------------------------------------------------------------------------------------------------------------------------------------------------------------------------------------------------------------------------------------------------------------------------------------------------------------------------------------------------------------------------------------------------------------------------------+
; Signal Integrity Metrics (Fast 1200mv 0c Model)                                                                                                                                                                                                                                                                                                                                                                                                                                                                                                                                                                                                                                            ;
+---------------+--------------+---------------------+---------------------+------------------------------+------------------------------+---------------------+---------------------+--------------------------------------+--------------------------------------+-----------------------------+-----------------------------+----------------------------+----------------------------+-----------------------------+-----------------------------+--------------------+--------------------+-------------------------------------+-------------------------------------+----------------------------+----------------------------+---------------------------+---------------------------+
; Pin           ; I/O Standard ; Board Delay on Rise ; Board Delay on Fall ; Steady State Voh at FPGA Pin ; Steady State Vol at FPGA Pin ; Voh Max at FPGA Pin ; Vol Min at FPGA Pin ; Ringback Voltage on Rise at FPGA Pin ; Ringback Voltage on Fall at FPGA Pin ; 10-90 Rise Time at FPGA Pin ; 90-10 Fall Time at FPGA Pin ; Monotonic Rise at FPGA Pin ; Monotonic Fall at FPGA Pin ; Steady State Voh at Far-end ; Steady State Vol at Far-end ; Voh Max at Far-end ; Vol Min at Far-end ; Ringback Voltage on Rise at Far-end ; Ringback Voltage on Fall at Far-end ; 10-90 Rise Time at Far-end ; 90-10 Fall Time at Far-end ; Monotonic Rise at Far-end ; Monotonic Fall at Far-end ;
+---------------+--------------+---------------------+---------------------+------------------------------+------------------------------+---------------------+---------------------+--------------------------------------+--------------------------------------+-----------------------------+-----------------------------+----------------------------+----------------------------+-----------------------------+-----------------------------+--------------------+--------------------+-------------------------------------+-------------------------------------+----------------------------+----------------------------+---------------------------+---------------------------+
; med[0]        ; 2.5 V        ; 0 s                 ; 0 s                 ; 2.62 V                       ; 4.05e-08 V                   ; 2.72 V              ; -0.0349 V           ; 0.173 V                              ; 0.1 V                                ; 2.72e-10 s                  ; 2.69e-10 s                  ; Yes                        ; Yes                        ; 2.62 V                      ; 4.05e-08 V                  ; 2.72 V             ; -0.0349 V          ; 0.173 V                             ; 0.1 V                               ; 2.72e-10 s                 ; 2.69e-10 s                 ; Yes                       ; Yes                       ;
; med[1]        ; 2.5 V        ; 0 s                 ; 0 s                 ; 2.62 V                       ; 4.05e-08 V                   ; 2.72 V              ; -0.0349 V           ; 0.173 V                              ; 0.1 V                                ; 2.72e-10 s                  ; 2.69e-10 s                  ; Yes                        ; Yes                        ; 2.62 V                      ; 4.05e-08 V                  ; 2.72 V             ; -0.0349 V          ; 0.173 V                             ; 0.1 V                               ; 2.72e-10 s                 ; 2.69e-10 s                 ; Yes                       ; Yes                       ;
; med[2]        ; 2.5 V        ; 0 s                 ; 0 s                 ; 2.62 V                       ; 4.05e-08 V                   ; 2.72 V              ; -0.0349 V           ; 0.173 V                              ; 0.1 V                                ; 2.72e-10 s                  ; 2.69e-10 s                  ; Yes                        ; Yes                        ; 2.62 V                      ; 4.05e-08 V                  ; 2.72 V             ; -0.0349 V          ; 0.173 V                             ; 0.1 V                               ; 2.72e-10 s                 ; 2.69e-10 s                 ; Yes                       ; Yes                       ;
; med[3]        ; 2.5 V        ; 0 s                 ; 0 s                 ; 2.62 V                       ; 4.05e-08 V                   ; 2.72 V              ; -0.0349 V           ; 0.173 V                              ; 0.1 V                                ; 2.72e-10 s                  ; 2.69e-10 s                  ; Yes                        ; Yes                        ; 2.62 V                      ; 4.05e-08 V                  ; 2.72 V             ; -0.0349 V          ; 0.173 V                             ; 0.1 V                               ; 2.72e-10 s                 ; 2.69e-10 s                 ; Yes                       ; Yes                       ;
; med[4]        ; 2.5 V        ; 0 s                 ; 0 s                 ; 2.62 V                       ; 4.05e-08 V                   ; 2.72 V              ; -0.0349 V           ; 0.173 V                              ; 0.1 V                                ; 2.72e-10 s                  ; 2.69e-10 s                  ; Yes                        ; Yes                        ; 2.62 V                      ; 4.05e-08 V                  ; 2.72 V             ; -0.0349 V          ; 0.173 V                             ; 0.1 V                               ; 2.72e-10 s                 ; 2.69e-10 s                 ; Yes                       ; Yes                       ;
; med[5]        ; 2.5 V        ; 0 s                 ; 0 s                 ; 2.62 V                       ; 4.05e-08 V                   ; 2.72 V              ; -0.0349 V           ; 0.173 V                              ; 0.1 V                                ; 2.72e-10 s                  ; 2.69e-10 s                  ; Yes                        ; Yes                        ; 2.62 V                      ; 4.05e-08 V                  ; 2.72 V             ; -0.0349 V          ; 0.173 V                             ; 0.1 V                               ; 2.72e-10 s                 ; 2.69e-10 s                 ; Yes                       ; Yes                       ;
; med[6]        ; 2.5 V        ; 0 s                 ; 0 s                 ; 2.62 V                       ; 4.05e-08 V                   ; 2.72 V              ; -0.0349 V           ; 0.173 V                              ; 0.1 V                                ; 2.72e-10 s                  ; 2.69e-10 s                  ; Yes                        ; Yes                        ; 2.62 V                      ; 4.05e-08 V                  ; 2.72 V             ; -0.0349 V          ; 0.173 V                             ; 0.1 V                               ; 2.72e-10 s                 ; 2.69e-10 s                 ; Yes                       ; Yes                       ;
; med[7]        ; 2.5 V        ; 0 s                 ; 0 s                 ; 2.62 V                       ; 4.05e-08 V                   ; 2.72 V              ; -0.0349 V           ; 0.173 V                              ; 0.1 V                                ; 2.72e-10 s                  ; 2.69e-10 s                  ; Yes                        ; Yes                        ; 2.62 V                      ; 4.05e-08 V                  ; 2.72 V             ; -0.0349 V          ; 0.173 V                             ; 0.1 V                               ; 2.72e-10 s                 ; 2.69e-10 s                 ; Yes                       ; Yes                       ;
; ~ALTERA_DCLK~ ; 2.5 V        ; 0 s                 ; 0 s                 ; 2.62 V                       ; 2.22e-08 V                   ; 2.74 V              ; -0.06 V             ; 0.158 V                              ; 0.08 V                               ; 2.68e-10 s                  ; 2.19e-10 s                  ; Yes                        ; Yes                        ; 2.62 V                      ; 2.22e-08 V                  ; 2.74 V             ; -0.06 V            ; 0.158 V                             ; 0.08 V                              ; 2.68e-10 s                 ; 2.19e-10 s                 ; Yes                       ; Yes                       ;
; ~ALTERA_nCEO~ ; 2.5 V        ; 0 s                 ; 0 s                 ; 2.62 V                       ; 3.54e-08 V                   ; 2.7 V               ; -0.00943 V          ; 0.276 V                              ; 0.035 V                              ; 3.19e-10 s                  ; 4.99e-10 s                  ; No                         ; Yes                        ; 2.62 V                      ; 3.54e-08 V                  ; 2.7 V              ; -0.00943 V         ; 0.276 V                             ; 0.035 V                             ; 3.19e-10 s                 ; 4.99e-10 s                 ; No                        ; Yes                       ;
+---------------+--------------+---------------------+---------------------+------------------------------+------------------------------+---------------------+---------------------+--------------------------------------+--------------------------------------+-----------------------------+-----------------------------+----------------------------+----------------------------+-----------------------------+-----------------------------+--------------------+--------------------+-------------------------------------+-------------------------------------+----------------------------+----------------------------+---------------------------+---------------------------+


+-------------------------------------------------------------------+
; Setup Transfers                                                   ;
+------------+----------+----------+----------+----------+----------+
; From Clock ; To Clock ; RR Paths ; FR Paths ; RF Paths ; FF Paths ;
+------------+----------+----------+----------+----------+----------+
; clk        ; clk      ; 1867     ; 0        ; 0        ; 0        ;
+------------+----------+----------+----------+----------+----------+
Entries labeled "false path" only account for clock-to-clock false paths and not path-based false paths. As a result, actual path counts may be lower than reported.


+-------------------------------------------------------------------+
; Hold Transfers                                                    ;
+------------+----------+----------+----------+----------+----------+
; From Clock ; To Clock ; RR Paths ; FR Paths ; RF Paths ; FF Paths ;
+------------+----------+----------+----------+----------+----------+
; clk        ; clk      ; 1867     ; 0        ; 0        ; 0        ;
+------------+----------+----------+----------+----------+----------+
Entries labeled "false path" only account for clock-to-clock false paths and not path-based false paths. As a result, actual path counts may be lower than reported.


---------------
; Report TCCS ;
---------------
No dedicated SERDES Transmitter circuitry present in device or used in design


---------------
; Report RSKM ;
---------------
No non-DPA dedicated SERDES Receiver circuitry present in device or used in design


+------------------------------------------------+
; Unconstrained Paths Summary                    ;
+---------------------------------+-------+------+
; Property                        ; Setup ; Hold ;
+---------------------------------+-------+------+
; Illegal Clocks                  ; 0     ; 0    ;
; Unconstrained Clocks            ; 0     ; 0    ;
; Unconstrained Input Ports       ; 1     ; 1    ;
; Unconstrained Input Port Paths  ; 30    ; 30   ;
; Unconstrained Output Ports      ; 8     ; 8    ;
; Unconstrained Output Port Paths ; 32    ; 32   ;
+---------------------------------+-------+------+


+-------------------------------------+
; Clock Status Summary                ;
+--------+-------+------+-------------+
; Target ; Clock ; Type ; Status      ;
+--------+-------+------+-------------+
; clk    ; clk   ; Base ; Constrained ;
+--------+-------+------+-------------+


+---------------------------------------------------------------------------------------------------+
; Unconstrained Input Ports                                                                         ;
+------------+--------------------------------------------------------------------------------------+
; Input Port ; Comment                                                                              ;
+------------+--------------------------------------------------------------------------------------+
; clr_n      ; No input delay, min/max delays, false-path exceptions, or max skew assignments found ;
+------------+--------------------------------------------------------------------------------------+


+-----------------------------------------------------------------------------------------------------+
; Unconstrained Output Ports                                                                          ;
+-------------+---------------------------------------------------------------------------------------+
; Output Port ; Comment                                                                               ;
+-------------+---------------------------------------------------------------------------------------+
; med[0]      ; No output delay, min/max delays, false-path exceptions, or max skew assignments found ;
; med[1]      ; No output delay, min/max delays, false-path exceptions, or max skew assignments found ;
; med[2]      ; No output delay, min/max delays, false-path exceptions, or max skew assignments found ;
; med[3]      ; No output delay, min/max delays, false-path exceptions, or max skew assignments found ;
; med[4]      ; No output delay, min/max delays, false-path exceptions, or max skew assignments found ;
; med[5]      ; No output delay, min/max delays, false-path exceptions, or max skew assignments found ;
; med[6]      ; No output delay, min/max delays, false-path exceptions, or max skew assignments found ;
; med[7]      ; No output delay, min/max delays, false-path exceptions, or max skew assignments found ;
+-------------+---------------------------------------------------------------------------------------+


+---------------------------------------------------------------------------------------------------+
; Unconstrained Input Ports                                                                         ;
+------------+--------------------------------------------------------------------------------------+
; Input Port ; Comment                                                                              ;
+------------+--------------------------------------------------------------------------------------+
; clr_n      ; No input delay, min/max delays, false-path exceptions, or max skew assignments found ;
+------------+--------------------------------------------------------------------------------------+


+-----------------------------------------------------------------------------------------------------+
; Unconstrained Output Ports                                                                          ;
+-------------+---------------------------------------------------------------------------------------+
; Output Port ; Comment                                                                               ;
+-------------+---------------------------------------------------------------------------------------+
; med[0]      ; No output delay, min/max delays, false-path exceptions, or max skew assignments found ;
; med[1]      ; No output delay, min/max delays, false-path exceptions, or max skew assignments found ;
; med[2]      ; No output delay, min/max delays, false-path exceptions, or max skew assignments found ;
; med[3]      ; No output delay, min/max delays, false-path exceptions, or max skew assignments found ;
; med[4]      ; No output delay, min/max delays, false-path exceptions, or max skew assignments found ;
; med[5]      ; No output delay, min/max delays, false-path exceptions, or max skew assignments found ;
; med[6]      ; No output delay, min/max delays, false-path exceptions, or max skew assignments found ;
; med[7]      ; No output delay, min/max delays, false-path exceptions, or max skew assignments found ;
+-------------+---------------------------------------------------------------------------------------+


+--------------------------+
; Timing Analyzer Messages ;
+--------------------------+
Info: *******************************************************************
Info: Running Quartus Prime Timing Analyzer
    Info: Version 20.1.1 Build 720 11/11/2020 SJ Lite Edition
    Info: Processing started: Wed May 28 09:52:04 2025
Info: Command: quartus_sta syncMedian -c syncMedian
Info: qsta_default_script.tcl version: #1
Warning (18236): Number of processors has not been specified which may cause overloading on shared machines.  Set the global assignment NUM_PARALLEL_PROCESSORS in your QSF to an appropriate value for best performance.
Info (20030): Parallel compilation is enabled and will use 4 of the 4 processors detected
Info (21077): Low junction temperature is 0 degrees C
Info (21077): High junction temperature is 85 degrees C
Critical Warning (332012): Synopsys Design Constraints File file not found: 'syncMedian.sdc'. A Synopsys Design Constraints File is required by the Timing Analyzer to get proper timing constraints. Without it, the Compiler will not properly optimize the design.
Info (332142): No user constrained base clocks found in the design. Calling "derive_clocks -period 1.0"
Info (332105): Deriving Clocks
    Info (332105): create_clock -period 1.000 -name clk clk
Info (332143): No user constrained clock uncertainty found in the design. Calling "derive_clock_uncertainty"
Info (332123): Deriving Clock Uncertainty. Please refer to report_sdc in the Timing Analyzer to see clock uncertainties.
Info: Found TIMING_ANALYZER_REPORT_SCRIPT_INCLUDE_DEFAULT_ANALYSIS = ON
Info: Analyzing Slow 1200mV 85C Model
Critical Warning (332148): Timing requirements not met
    Info (11105): For recommendations on closing timing, run Report Timing Closure Recommendations in the Timing Analyzer.
Info (332146): Worst-case setup slack is -3.858
    Info (332119):     Slack       End Point TNS Clock 
    Info (332119): ========= =================== =====================
    Info (332119):    -3.858            -232.881 clk 
Info (332146): Worst-case hold slack is 0.411
    Info (332119):     Slack       End Point TNS Clock 
    Info (332119): ========= =================== =====================
    Info (332119):     0.411               0.000 clk 
Info (332140): No Recovery paths to report
Info (332140): No Removal paths to report
Info (332146): Worst-case minimum pulse width slack is -3.000
    Info (332119):     Slack       End Point TNS Clock 
    Info (332119): ========= =================== =====================
    Info (332119):    -3.000            -141.780 clk 
Info: Analyzing Slow 1200mV 0C Model
Info (334003): Started post-fitting delay annotation
Info (334004): Delay annotation completed successfully
Info (332123): Deriving Clock Uncertainty. Please refer to report_sdc in the Timing Analyzer to see clock uncertainties.
Critical Warning (332148): Timing requirements not met
    Info (11105): For recommendations on closing timing, run Report Timing Closure Recommendations in the Timing Analyzer.
Info (332146): Worst-case setup slack is -3.455
    Info (332119):     Slack       End Point TNS Clock 
    Info (332119): ========= =================== =====================
    Info (332119):    -3.455            -203.499 clk 
Info (332146): Worst-case hold slack is 0.361
    Info (332119):     Slack       End Point TNS Clock 
    Info (332119): ========= =================== =====================
    Info (332119):     0.361               0.000 clk 
Info (332140): No Recovery paths to report
Info (332140): No Removal paths to report
Info (332146): Worst-case minimum pulse width slack is -3.000
    Info (332119):     Slack       End Point TNS Clock 
    Info (332119): ========= =================== =====================
    Info (332119):    -3.000            -141.780 clk 
Info: Analyzing Fast 1200mV 0C Model
Info (332123): Deriving Clock Uncertainty. Please refer to report_sdc in the Timing Analyzer to see clock uncertainties.
Critical Warning (332148): Timing requirements not met
    Info (11105): For recommendations on closing timing, run Report Timing Closure Recommendations in the Timing Analyzer.
Info (332146): Worst-case setup slack is -1.329
    Info (332119):     Slack       End Point TNS Clock 
    Info (332119): ========= =================== =====================
    Info (332119):    -1.329             -64.675 clk 
Info (332146): Worst-case hold slack is 0.186
    Info (332119):     Slack       End Point TNS Clock 
    Info (332119): ========= =================== =====================
    Info (332119):     0.186               0.000 clk 
Info (332140): No Recovery paths to report
Info (332140): No Removal paths to report
Info (332146): Worst-case minimum pulse width slack is -3.000
    Info (332119):     Slack       End Point TNS Clock 
    Info (332119): ========= =================== =====================
    Info (332119):    -3.000            -118.137 clk 
Info (332102): Design is not fully constrained for setup requirements
Info (332102): Design is not fully constrained for hold requirements
Info: Quartus Prime Timing Analyzer was successful. 0 errors, 5 warnings
    Info: Peak virtual memory: 440 megabytes
    Info: Processing ended: Wed May 28 09:52:05 2025
    Info: Elapsed time: 00:00:01
    Info: Total CPU time (on all processors): 00:00:01


