Analysis & Synthesis report for syncMedian
Wed May 28 09:51:55 2025
Quartus Prime Version 20.1.1 Build 720 11/11/2020 SJ Lite Edition


---------------------
; Table of Contents ;
---------------------
  1. Legal Notice
  2. Analysis & Synthesis Summary
  3. Analysis & Synthesis Settings
  4. Parallel Compilation
  5. Analysis & Synthesis Source Files Read
  6. Analysis & Synthesis Resource Usage Summary
  7. Analysis & Synthesis Resource Utilization by Entity
  8. Registers Removed During Synthesis
  9. General Register Statistics
 10. Inverted Register Statistics
 11. Multiplexer Restructuring Statistics (Restructuring Performed)
 12. Post-Synthesis Netlist Statistics for Top Partition
 13. Elapsed Time Per Partition
 14. Analysis & Synthesis Messages



----------------
; Legal Notice ;
----------------
Copyright (C) 2020  Intel Corporation. All rights reserved.
Your use of Intel Corporation's design tools, logic functions 
and other software and tools, and any partner logic 
functions, and any output files from any of the foregoing 
(including device programming or simulation files), and any 
associated documentation or information are expressly subject 
to the terms and conditions of the Intel Program License 
Subscription Agreement, the Intel Quartus Prime License Agreement,
the Intel FPGA IP License Agreement, or other applicable license
agreement, including, without limitation, that your use is for
the sole purpose of programming logic devices manufactured by
Intel and sold by Intel or its authorized distributors.  Please
refer to the applicable agreement for further details, at
https://fpgasoftware.intel.com/eula.



+----------------------------------------------------------------------------------+
; Analysis & Synthesis Summary                                                     ;
+------------------------------------+---------------------------------------------+
; Analysis & Synthesis Status        ; Successful - Wed May 28 09:51:55 2025       ;
; Quartus Prime Version              ; 20.1.1 Build 720 11/11/2020 SJ Lite Edition ;
; Revision Name                      ; syncMedian                                  ;
; Top-level Entity Name              ; syncMedian                                  ;
; Family                             ; Cyclone IV E                                ;
; Total logic elements               ; 300                                         ;
;     Total combinational functions  ; 300                                         ;
;     Dedicated logic registers      ; 108                                         ;
; Total registers                    ; 108                                         ;
; Total pins                         ; 82                                          ;
; Total virtual pins                 ; 0                                           ;
; Total memory bits                  ; 0                                           ;
; Embedded Multiplier 9-bit elements ; 0                                           ;
; Total PLLs                         ; 0                                           ;
+------------------------------------+---------------------------------------------+


+------------------------------------------------------------------------------------------------------------+
; Analysis & Synthesis Settings                                                                              ;
+------------------------------------------------------------------+--------------------+--------------------+
; Option                                                           ; Setting            ; Default Value      ;
+------------------------------------------------------------------+--------------------+--------------------+
; Device                                                           ; EP4CE6F17C7        ;                    ;
; Top-level entity name                                            ; syncMedian         ; syncMedian         ;
; Family name                                                      ; Cyclone IV E       ; Cyclone V          ;
; Use smart compilation                                            ; Off                ; Off                ;
; Enable parallel Assembler and Timing Analyzer during compilation ; On                 ; On                 ;
; Enable compact report table                                      ; Off                ; Off                ;
; Restructure Multiplexers                                         ; Auto               ; Auto               ;
; Create Debugging Nodes for IP Cores                              ; Off                ; Off                ;
; Preserve fewer node names                                        ; On                 ; On                 ;
; Intel FPGA IP Evaluation Mode                                    ; Enable             ; Enable             ;
; Verilog Version                                                  ; Verilog_2001       ; Verilog_2001       ;
; VHDL Version                                                     ; VHDL_1993          ; VHDL_1993          ;
; State Machine Processing                                         ; Auto               ; Auto               ;
; Safe State Machine                                               ; Off                ; Off                ;
; Extract Verilog State Machines                                   ; On                 ; On                 ;
; Extract VHDL State Machines                                      ; On                 ; On                 ;
; Ignore Verilog initial constructs                                ; Off                ; Off                ;
; Iteration limit for constant Verilog loops                       ; 5000               ; 5000               ;
; Iteration limit for non-constant Verilog loops                   ; 250                ; 250                ;
; Add Pass-Through Logic to Inferred RAMs                          ; On                 ; On                 ;
; Infer RAMs from Raw Logic                                        ; On                 ; On                 ;
; Parallel Synthesis                                               ; On                 ; On                 ;
; DSP Block Balancing                                              ; Auto               ; Auto               ;
; NOT Gate Push-Back                                               ; On                 ; On                 ;
; Power-Up Don't Care                                              ; On                 ; On                 ;
; Remove Redundant Logic Cells                                     ; Off                ; Off                ;
; Remove Duplicate Registers                                       ; On                 ; On                 ;
; Ignore CARRY Buffers                                             ; Off                ; Off                ;
; Ignore CASCADE Buffers                                           ; Off                ; Off                ;
; Ignore GLOBAL Buffers                                            ; Off                ; Off                ;
; Ignore ROW GLOBAL Buffers                                        ; Off                ; Off                ;
; Ignore LCELL Buffers                                             ; Off                ; Off                ;
; Ignore SOFT Buffers                                              ; On                 ; On                 ;
; Limit AHDL Integers to 32 Bits                                   ; Off                ; Off                ;
; Optimization Technique                                           ; Balanced           ; Balanced           ;
; Carry Chain Length                                               ; 70                 ; 70                 ;
; Auto Carry Chains                                                ; On                 ; On                 ;
; Auto Open-Drain Pins                                             ; On                 ; On                 ;
; Perform WYSIWYG Primitive Resynthesis                            ; Off                ; Off                ;
; Auto ROM Replacement                                             ; On                 ; On                 ;
; Auto RAM Replacement                                             ; On                 ; On                 ;
; Auto DSP Block Replacement                                       ; On                 ; On                 ;
; Auto Shift Register Replacement                                  ; Auto               ; Auto               ;
; Allow Shift Register Merging across Hierarchies                  ; Auto               ; Auto               ;
; Auto Clock Enable Replacement                                    ; On                 ; On                 ;
; Strict RAM Replacement                                           ; Off                ; Off                ;
; Allow Synchronous Control Signals                                ; On                 ; On                 ;
; Force Use of Synchronous Clear Signals                           ; Off                ; Off                ;
; Auto RAM Block Balancing                                         ; On                 ; On                 ;
; Auto RAM to Logic Cell Conversion                                ; Off                ; Off                ;
; Auto Resource Sharing                                            ; Off                ; Off                ;
; Allow Any RAM Size For Recognition                               ; Off                ; Off                ;
; Allow Any ROM Size For Recognition                               ; Off                ; Off                ;
; Allow Any Shift Register Size For Recognition                    ; Off                ; Off                ;
; Use LogicLock Constraints during Resource Balancing              ; On                 ; On                 ;
; Ignore translate_off and synthesis_off directives                ; Off                ; Off                ;
; Timing-Driven Synthesis                                          ; On                 ; On                 ;
; Report Parameter Settings                                        ; On                 ; On                 ;
; Report Source Assignments                                        ; On                 ; On                 ;
; Report Connectivity Checks                                       ; On                 ; On                 ;
; Ignore Maximum Fan-Out Assignments                               ; Off                ; Off                ;
; Synchronization Register Chain Length                            ; 2                  ; 2                  ;
; Power Optimization During Synthesis                              ; Normal compilation ; Normal compilation ;
; HDL message level                                                ; Level2             ; Level2             ;
; Suppress Register Optimization Related Messages                  ; Off                ; Off                ;
; Number of Removed Registers Reported in Synthesis Report         ; 5000               ; 5000               ;
; Number of Swept Nodes Reported in Synthesis Report               ; 5000               ; 5000               ;
; Number of Inverted Registers Reported in Synthesis Report        ; 100                ; 100                ;
; Clock MUX Protection                                             ; On                 ; On                 ;
; Auto Gated Clock Conversion                                      ; Off                ; Off                ;
; Block Design Naming                                              ; Auto               ; Auto               ;
; SDC constraint protection                                        ; Off                ; Off                ;
; Synthesis Effort                                                 ; Auto               ; Auto               ;
; Shift Register Replacement - Allow Asynchronous Clear Signal     ; On                 ; On                 ;
; Pre-Mapping Resynthesis Optimization                             ; Off                ; Off                ;
; Analysis & Synthesis Message Level                               ; Medium             ; Medium             ;
; Disable Register Merging Across Hierarchies                      ; Auto               ; Auto               ;
; Resource Aware Inference For Block RAM                           ; On                 ; On                 ;
+------------------------------------------------------------------+--------------------+--------------------+


+------------------------------------------+
; Parallel Compilation                     ;
+----------------------------+-------------+
; Processors                 ; Number      ;
+----------------------------+-------------+
; Number detected on machine ; 8           ;
; Maximum allowed            ; 4           ;
;                            ;             ;
; Average used               ; 1.00        ;
; Maximum used               ; 4           ;
;                            ;             ;
; Usage by Processor         ; % Time Used ;
;     Processor 1            ; 100.0%      ;
;     Processors 2-4         ;   0.0%      ;
+----------------------------+-------------+


+----------------------------------------------------------------------------------------------------------------------------------------------------+
; Analysis & Synthesis Source Files Read                                                                                                             ;
+----------------------------------+-----------------+------------------------------+------------------------------------------------------+---------+
; File Name with User-Entered Path ; Used in Netlist ; File Type                    ; File Name with Absolute Path                         ; Library ;
+----------------------------------+-----------------+------------------------------+------------------------------------------------------+---------+
; innerMedian.sv                   ; yes             ; User SystemVerilog HDL File  ; /home/venser/bak-dip/practice/project/innerMedian.sv ;         ;
; syncMedian.sv                    ; yes             ; User SystemVerilog HDL File  ; /home/venser/bak-dip/practice/project/syncMedian.sv  ;         ;
+----------------------------------+-----------------+------------------------------+------------------------------------------------------+---------+


+---------------------------------------------------------+
; Analysis & Synthesis Resource Usage Summary             ;
+---------------------------------------------+-----------+
; Resource                                    ; Usage     ;
+---------------------------------------------+-----------+
; Estimated Total logic elements              ; 300       ;
;                                             ;           ;
; Total combinational functions               ; 300       ;
; Logic element usage by number of LUT inputs ;           ;
;     -- 4 input functions                    ; 158       ;
;     -- 3 input functions                    ; 80        ;
;     -- <=2 input functions                  ; 62        ;
;                                             ;           ;
; Logic elements by mode                      ;           ;
;     -- normal mode                          ; 281       ;
;     -- arithmetic mode                      ; 19        ;
;                                             ;           ;
; Total registers                             ; 108       ;
;     -- Dedicated logic registers            ; 108       ;
;     -- I/O registers                        ; 0         ;
;                                             ;           ;
; I/O pins                                    ; 82        ;
;                                             ;           ;
; Embedded Multiplier 9-bit elements          ; 0         ;
;                                             ;           ;
; Maximum fan-out node                        ; clk~input ;
; Maximum fan-out                             ; 108       ;
; Total fan-out                               ; 1375      ;
; Average fan-out                             ; 2.40      ;
+---------------------------------------------+-----------+


+-----------------------------------------------------------------------------------------------------------------------------------------------------------------------------------------------------------------------------------------------------------------------------------------------------------------------------+
; Analysis & Synthesis Resource Utilization by Entity                                                                                                                                                                                                                                                                         ;
+---------------------------------------------------+---------------------+---------------------------+-------------+--------------+---------+-----------+------+--------------+------------------------------------------------------------------------------------------------+------------------------------+--------------+
; Compilation Hierarchy Node                        ; Combinational ALUTs ; Dedicated Logic Registers ; Memory Bits ; DSP Elements ; DSP 9x9 ; DSP 18x18 ; Pins ; Virtual Pins ; Full Hierarchy Name                                                                            ; Entity Name                  ; Library Name ;
+---------------------------------------------------+---------------------+---------------------------+-------------+--------------+---------+-----------+------+--------------+------------------------------------------------------------------------------------------------+------------------------------+--------------+
; |syncMedian                                       ; 300 (0)             ; 108 (0)                   ; 0           ; 0            ; 0       ; 0         ; 82   ; 0            ; |syncMedian                                                                                    ; syncMedian                   ; work         ;
;    |innerMedian:a_dev|                            ; 300 (0)             ; 108 (0)                   ; 0           ; 0            ; 0       ; 0         ; 0    ; 0            ; |syncMedian|innerMedian:a_dev                                                                  ; innerMedian                  ; work         ;
;       |innerMedian.med$16:med$16|                 ; 300 (131)           ; 108 (30)                  ; 0           ; 0            ; 0       ; 0         ; 0    ; 0            ; |syncMedian|innerMedian:a_dev|innerMedian.med$16:med$16                                        ; innerMedian.med$16           ; work         ;
;          |innerMedian.med$16.high_fifo:high_fifo| ; 56 (56)             ; 26 (26)                   ; 0           ; 0            ; 0       ; 0         ; 0    ; 0            ; |syncMedian|innerMedian:a_dev|innerMedian.med$16:med$16|innerMedian.med$16.high_fifo:high_fifo ; innerMedian.med$16.high_fifo ; work         ;
;          |innerMedian.med$16.init_fifo:init_fifo| ; 57 (57)             ; 26 (26)                   ; 0           ; 0            ; 0       ; 0         ; 0    ; 0            ; |syncMedian|innerMedian:a_dev|innerMedian.med$16:med$16|innerMedian.med$16.init_fifo:init_fifo ; innerMedian.med$16.init_fifo ; work         ;
;          |innerMedian.med$16.low_fifo:low_fifo|   ; 56 (56)             ; 26 (26)                   ; 0           ; 0            ; 0       ; 0         ; 0    ; 0            ; |syncMedian|innerMedian:a_dev|innerMedian.med$16:med$16|innerMedian.med$16.low_fifo:low_fifo   ; innerMedian.med$16.low_fifo  ; work         ;
+---------------------------------------------------+---------------------+---------------------------+-------------+--------------+---------+-----------+------+--------------+------------------------------------------------------------------------------------------------+------------------------------+--------------+
Note: For table entries with two numbers listed, the numbers in parentheses indicate the number of resources of the given type used by the specific entity alone. The numbers listed outside of parentheses indicate the total resources of the given type used by the specific entity and all of its sub-entities in the hierarchy.


+---------------------------------------------------------------------------------------------------------------------------------------------------------------------------------------------------------------+
; Registers Removed During Synthesis                                                                                                                                                                            ;
+-------------------------------------------------------------------------------------------------+-------------------------------------------------------------------------------------------------------------+
; Register name                                                                                   ; Reason for Removal                                                                                          ;
+-------------------------------------------------------------------------------------------------+-------------------------------------------------------------------------------------------------------------+
; innerMedian:a_dev|innerMedian.med$16:med$16|num_buffer[0..70]                                   ; Merged with innerMedian:a_dev|innerMedian.med$16:med$16|num_buffer[71]                                      ;
; innerMedian:a_dev|innerMedian.med$16:med$16|clr_n$25                                            ; Merged with innerMedian:a_dev|innerMedian.med$16:med$16|clr_n$24                                            ;
; innerMedian:a_dev|innerMedian.med$16:med$16|num_buffer[71]                                      ; Stuck at GND due to stuck port data_in                                                                      ;
; innerMedian:a_dev|innerMedian.med$16:med$16|innerMedian.med$16.init_fifo:init_fifo|memory[0][1] ; Merged with innerMedian:a_dev|innerMedian.med$16:med$16|innerMedian.med$16.init_fifo:init_fifo|memory[0][0] ;
; innerMedian:a_dev|innerMedian.med$16:med$16|innerMedian.med$16.init_fifo:init_fifo|memory[0][2] ; Merged with innerMedian:a_dev|innerMedian.med$16:med$16|innerMedian.med$16.init_fifo:init_fifo|memory[0][0] ;
; innerMedian:a_dev|innerMedian.med$16:med$16|innerMedian.med$16.init_fifo:init_fifo|memory[0][3] ; Merged with innerMedian:a_dev|innerMedian.med$16:med$16|innerMedian.med$16.init_fifo:init_fifo|memory[0][0] ;
; innerMedian:a_dev|innerMedian.med$16:med$16|innerMedian.med$16.init_fifo:init_fifo|memory[0][4] ; Merged with innerMedian:a_dev|innerMedian.med$16:med$16|innerMedian.med$16.init_fifo:init_fifo|memory[0][0] ;
; innerMedian:a_dev|innerMedian.med$16:med$16|innerMedian.med$16.init_fifo:init_fifo|memory[0][5] ; Merged with innerMedian:a_dev|innerMedian.med$16:med$16|innerMedian.med$16.init_fifo:init_fifo|memory[0][0] ;
; innerMedian:a_dev|innerMedian.med$16:med$16|innerMedian.med$16.init_fifo:init_fifo|memory[0][6] ; Merged with innerMedian:a_dev|innerMedian.med$16:med$16|innerMedian.med$16.init_fifo:init_fifo|memory[0][0] ;
; innerMedian:a_dev|innerMedian.med$16:med$16|innerMedian.med$16.init_fifo:init_fifo|memory[0][7] ; Merged with innerMedian:a_dev|innerMedian.med$16:med$16|innerMedian.med$16.init_fifo:init_fifo|memory[0][0] ;
; innerMedian:a_dev|innerMedian.med$16:med$16|innerMedian.med$16.low_fifo:low_fifo|_0_[1..7]      ; Merged with innerMedian:a_dev|innerMedian.med$16:med$16|innerMedian.med$16.low_fifo:low_fifo|_0_[0]         ;
; innerMedian:a_dev|innerMedian.med$16:med$16|innerMedian.med$16.high_fifo:high_fifo|_0_[1..7]    ; Merged with innerMedian:a_dev|innerMedian.med$16:med$16|innerMedian.med$16.high_fifo:high_fifo|_0_[0]       ;
; innerMedian:a_dev|innerMedian.med$16:med$16|innerMedian.med$16.low_fifo:low_fifo|memory[8][1]   ; Merged with innerMedian:a_dev|innerMedian.med$16:med$16|innerMedian.med$16.low_fifo:low_fifo|memory[8][0]   ;
; innerMedian:a_dev|innerMedian.med$16:med$16|innerMedian.med$16.low_fifo:low_fifo|memory[8][2]   ; Merged with innerMedian:a_dev|innerMedian.med$16:med$16|innerMedian.med$16.low_fifo:low_fifo|memory[8][0]   ;
; innerMedian:a_dev|innerMedian.med$16:med$16|innerMedian.med$16.low_fifo:low_fifo|memory[8][3]   ; Merged with innerMedian:a_dev|innerMedian.med$16:med$16|innerMedian.med$16.low_fifo:low_fifo|memory[8][0]   ;
; innerMedian:a_dev|innerMedian.med$16:med$16|innerMedian.med$16.low_fifo:low_fifo|memory[8][4]   ; Merged with innerMedian:a_dev|innerMedian.med$16:med$16|innerMedian.med$16.low_fifo:low_fifo|memory[8][0]   ;
; innerMedian:a_dev|innerMedian.med$16:med$16|innerMedian.med$16.low_fifo:low_fifo|memory[8][5]   ; Merged with innerMedian:a_dev|innerMedian.med$16:med$16|innerMedian.med$16.low_fifo:low_fifo|memory[8][0]   ;
; innerMedian:a_dev|innerMedian.med$16:med$16|innerMedian.med$16.low_fifo:low_fifo|memory[8][6]   ; Merged with innerMedian:a_dev|innerMedian.med$16:med$16|innerMedian.med$16.low_fifo:low_fifo|memory[8][0]   ;
; innerMedian:a_dev|innerMedian.med$16:med$16|innerMedian.med$16.low_fifo:low_fifo|memory[8][7]   ; Merged with innerMedian:a_dev|innerMedian.med$16:med$16|innerMedian.med$16.low_fifo:low_fifo|memory[8][0]   ;
; innerMedian:a_dev|innerMedian.med$16:med$16|buffer[1..7]                                        ; Merged with innerMedian:a_dev|innerMedian.med$16:med$16|buffer[0]                                           ;
; innerMedian:a_dev|innerMedian.med$16:med$16|innerMedian.med$16.low_fifo:low_fifo|memory[0][1]   ; Merged with innerMedian:a_dev|innerMedian.med$16:med$16|innerMedian.med$16.low_fifo:low_fifo|memory[0][0]   ;
; innerMedian:a_dev|innerMedian.med$16:med$16|innerMedian.med$16.low_fifo:low_fifo|memory[0][2]   ; Merged with innerMedian:a_dev|innerMedian.med$16:med$16|innerMedian.med$16.low_fifo:low_fifo|memory[0][0]   ;
; innerMedian:a_dev|innerMedian.med$16:med$16|innerMedian.med$16.low_fifo:low_fifo|memory[0][3]   ; Merged with innerMedian:a_dev|innerMedian.med$16:med$16|innerMedian.med$16.low_fifo:low_fifo|memory[0][0]   ;
; innerMedian:a_dev|innerMedian.med$16:med$16|innerMedian.med$16.low_fifo:low_fifo|memory[0][4]   ; Merged with innerMedian:a_dev|innerMedian.med$16:med$16|innerMedian.med$16.low_fifo:low_fifo|memory[0][0]   ;
; innerMedian:a_dev|innerMedian.med$16:med$16|innerMedian.med$16.low_fifo:low_fifo|memory[0][5]   ; Merged with innerMedian:a_dev|innerMedian.med$16:med$16|innerMedian.med$16.low_fifo:low_fifo|memory[0][0]   ;
; innerMedian:a_dev|innerMedian.med$16:med$16|innerMedian.med$16.low_fifo:low_fifo|memory[0][6]   ; Merged with innerMedian:a_dev|innerMedian.med$16:med$16|innerMedian.med$16.low_fifo:low_fifo|memory[0][0]   ;
; innerMedian:a_dev|innerMedian.med$16:med$16|innerMedian.med$16.low_fifo:low_fifo|memory[0][7]   ; Merged with innerMedian:a_dev|innerMedian.med$16:med$16|innerMedian.med$16.low_fifo:low_fifo|memory[0][0]   ;
; innerMedian:a_dev|innerMedian.med$16:med$16|innerMedian.med$16.low_fifo:low_fifo|memory[1][1]   ; Merged with innerMedian:a_dev|innerMedian.med$16:med$16|innerMedian.med$16.low_fifo:low_fifo|memory[1][0]   ;
; innerMedian:a_dev|innerMedian.med$16:med$16|innerMedian.med$16.low_fifo:low_fifo|memory[1][2]   ; Merged with innerMedian:a_dev|innerMedian.med$16:med$16|innerMedian.med$16.low_fifo:low_fifo|memory[1][0]   ;
; innerMedian:a_dev|innerMedian.med$16:med$16|innerMedian.med$16.low_fifo:low_fifo|memory[1][3]   ; Merged with innerMedian:a_dev|innerMedian.med$16:med$16|innerMedian.med$16.low_fifo:low_fifo|memory[1][0]   ;
; innerMedian:a_dev|innerMedian.med$16:med$16|innerMedian.med$16.low_fifo:low_fifo|memory[1][4]   ; Merged with innerMedian:a_dev|innerMedian.med$16:med$16|innerMedian.med$16.low_fifo:low_fifo|memory[1][0]   ;
; innerMedian:a_dev|innerMedian.med$16:med$16|innerMedian.med$16.low_fifo:low_fifo|memory[1][5]   ; Merged with innerMedian:a_dev|innerMedian.med$16:med$16|innerMedian.med$16.low_fifo:low_fifo|memory[1][0]   ;
; innerMedian:a_dev|innerMedian.med$16:med$16|innerMedian.med$16.low_fifo:low_fifo|memory[1][6]   ; Merged with innerMedian:a_dev|innerMedian.med$16:med$16|innerMedian.med$16.low_fifo:low_fifo|memory[1][0]   ;
; innerMedian:a_dev|innerMedian.med$16:med$16|innerMedian.med$16.low_fifo:low_fifo|memory[1][7]   ; Merged with innerMedian:a_dev|innerMedian.med$16:med$16|innerMedian.med$16.low_fifo:low_fifo|memory[1][0]   ;
; innerMedian:a_dev|innerMedian.med$16:med$16|innerMedian.med$16.low_fifo:low_fifo|memory[2][1]   ; Merged with innerMedian:a_dev|innerMedian.med$16:med$16|innerMedian.med$16.low_fifo:low_fifo|memory[2][0]   ;
; innerMedian:a_dev|innerMedian.med$16:med$16|innerMedian.med$16.low_fifo:low_fifo|memory[2][2]   ; Merged with innerMedian:a_dev|innerMedian.med$16:med$16|innerMedian.med$16.low_fifo:low_fifo|memory[2][0]   ;
; innerMedian:a_dev|innerMedian.med$16:med$16|innerMedian.med$16.low_fifo:low_fifo|memory[2][3]   ; Merged with innerMedian:a_dev|innerMedian.med$16:med$16|innerMedian.med$16.low_fifo:low_fifo|memory[2][0]   ;
; innerMedian:a_dev|innerMedian.med$16:med$16|innerMedian.med$16.low_fifo:low_fifo|memory[2][4]   ; Merged with innerMedian:a_dev|innerMedian.med$16:med$16|innerMedian.med$16.low_fifo:low_fifo|memory[2][0]   ;
; innerMedian:a_dev|innerMedian.med$16:med$16|innerMedian.med$16.low_fifo:low_fifo|memory[2][5]   ; Merged with innerMedian:a_dev|innerMedian.med$16:med$16|innerMedian.med$16.low_fifo:low_fifo|memory[2][0]   ;
; innerMedian:a_dev|innerMedian.med$16:med$16|innerMedian.med$16.low_fifo:low_fifo|memory[2][6]   ; Merged with innerMedian:a_dev|innerMedian.med$16:med$16|innerMedian.med$16.low_fifo:low_fifo|memory[2][0]   ;
; innerMedian:a_dev|innerMedian.med$16:med$16|innerMedian.med$16.low_fifo:low_fifo|memory[2][7]   ; Merged with innerMedian:a_dev|innerMedian.med$16:med$16|innerMedian.med$16.low_fifo:low_fifo|memory[2][0]   ;
; innerMedian:a_dev|innerMedian.med$16:med$16|innerMedian.med$16.low_fifo:low_fifo|memory[3][1]   ; Merged with innerMedian:a_dev|innerMedian.med$16:med$16|innerMedian.med$16.low_fifo:low_fifo|memory[3][0]   ;
; innerMedian:a_dev|innerMedian.med$16:med$16|innerMedian.med$16.low_fifo:low_fifo|memory[3][2]   ; Merged with innerMedian:a_dev|innerMedian.med$16:med$16|innerMedian.med$16.low_fifo:low_fifo|memory[3][0]   ;
; innerMedian:a_dev|innerMedian.med$16:med$16|innerMedian.med$16.low_fifo:low_fifo|memory[3][3]   ; Merged with innerMedian:a_dev|innerMedian.med$16:med$16|innerMedian.med$16.low_fifo:low_fifo|memory[3][0]   ;
; innerMedian:a_dev|innerMedian.med$16:med$16|innerMedian.med$16.low_fifo:low_fifo|memory[3][4]   ; Merged with innerMedian:a_dev|innerMedian.med$16:med$16|innerMedian.med$16.low_fifo:low_fifo|memory[3][0]   ;
; innerMedian:a_dev|innerMedian.med$16:med$16|innerMedian.med$16.low_fifo:low_fifo|memory[3][5]   ; Merged with innerMedian:a_dev|innerMedian.med$16:med$16|innerMedian.med$16.low_fifo:low_fifo|memory[3][0]   ;
; innerMedian:a_dev|innerMedian.med$16:med$16|innerMedian.med$16.low_fifo:low_fifo|memory[3][6]   ; Merged with innerMedian:a_dev|innerMedian.med$16:med$16|innerMedian.med$16.low_fifo:low_fifo|memory[3][0]   ;
; innerMedian:a_dev|innerMedian.med$16:med$16|innerMedian.med$16.low_fifo:low_fifo|memory[3][7]   ; Merged with innerMedian:a_dev|innerMedian.med$16:med$16|innerMedian.med$16.low_fifo:low_fifo|memory[3][0]   ;
; innerMedian:a_dev|innerMedian.med$16:med$16|innerMedian.med$16.low_fifo:low_fifo|memory[4][1]   ; Merged with innerMedian:a_dev|innerMedian.med$16:med$16|innerMedian.med$16.low_fifo:low_fifo|memory[4][0]   ;
; innerMedian:a_dev|innerMedian.med$16:med$16|innerMedian.med$16.low_fifo:low_fifo|memory[4][2]   ; Merged with innerMedian:a_dev|innerMedian.med$16:med$16|innerMedian.med$16.low_fifo:low_fifo|memory[4][0]   ;
; innerMedian:a_dev|innerMedian.med$16:med$16|innerMedian.med$16.low_fifo:low_fifo|memory[4][3]   ; Merged with innerMedian:a_dev|innerMedian.med$16:med$16|innerMedian.med$16.low_fifo:low_fifo|memory[4][0]   ;
; innerMedian:a_dev|innerMedian.med$16:med$16|innerMedian.med$16.low_fifo:low_fifo|memory[4][4]   ; Merged with innerMedian:a_dev|innerMedian.med$16:med$16|innerMedian.med$16.low_fifo:low_fifo|memory[4][0]   ;
; innerMedian:a_dev|innerMedian.med$16:med$16|innerMedian.med$16.low_fifo:low_fifo|memory[4][5]   ; Merged with innerMedian:a_dev|innerMedian.med$16:med$16|innerMedian.med$16.low_fifo:low_fifo|memory[4][0]   ;
; innerMedian:a_dev|innerMedian.med$16:med$16|innerMedian.med$16.low_fifo:low_fifo|memory[4][6]   ; Merged with innerMedian:a_dev|innerMedian.med$16:med$16|innerMedian.med$16.low_fifo:low_fifo|memory[4][0]   ;
; innerMedian:a_dev|innerMedian.med$16:med$16|innerMedian.med$16.low_fifo:low_fifo|memory[4][7]   ; Merged with innerMedian:a_dev|innerMedian.med$16:med$16|innerMedian.med$16.low_fifo:low_fifo|memory[4][0]   ;
; innerMedian:a_dev|innerMedian.med$16:med$16|innerMedian.med$16.low_fifo:low_fifo|memory[5][1]   ; Merged with innerMedian:a_dev|innerMedian.med$16:med$16|innerMedian.med$16.low_fifo:low_fifo|memory[5][0]   ;
; innerMedian:a_dev|innerMedian.med$16:med$16|innerMedian.med$16.low_fifo:low_fifo|memory[5][2]   ; Merged with innerMedian:a_dev|innerMedian.med$16:med$16|innerMedian.med$16.low_fifo:low_fifo|memory[5][0]   ;
; innerMedian:a_dev|innerMedian.med$16:med$16|innerMedian.med$16.low_fifo:low_fifo|memory[5][3]   ; Merged with innerMedian:a_dev|innerMedian.med$16:med$16|innerMedian.med$16.low_fifo:low_fifo|memory[5][0]   ;
; innerMedian:a_dev|innerMedian.med$16:med$16|innerMedian.med$16.low_fifo:low_fifo|memory[5][4]   ; Merged with innerMedian:a_dev|innerMedian.med$16:med$16|innerMedian.med$16.low_fifo:low_fifo|memory[5][0]   ;
; innerMedian:a_dev|innerMedian.med$16:med$16|innerMedian.med$16.low_fifo:low_fifo|memory[5][5]   ; Merged with innerMedian:a_dev|innerMedian.med$16:med$16|innerMedian.med$16.low_fifo:low_fifo|memory[5][0]   ;
; innerMedian:a_dev|innerMedian.med$16:med$16|innerMedian.med$16.low_fifo:low_fifo|memory[5][6]   ; Merged with innerMedian:a_dev|innerMedian.med$16:med$16|innerMedian.med$16.low_fifo:low_fifo|memory[5][0]   ;
; innerMedian:a_dev|innerMedian.med$16:med$16|innerMedian.med$16.low_fifo:low_fifo|memory[5][7]   ; Merged with innerMedian:a_dev|innerMedian.med$16:med$16|innerMedian.med$16.low_fifo:low_fifo|memory[5][0]   ;
; innerMedian:a_dev|innerMedian.med$16:med$16|innerMedian.med$16.low_fifo:low_fifo|memory[6][1]   ; Merged with innerMedian:a_dev|innerMedian.med$16:med$16|innerMedian.med$16.low_fifo:low_fifo|memory[6][0]   ;
; innerMedian:a_dev|innerMedian.med$16:med$16|innerMedian.med$16.low_fifo:low_fifo|memory[6][2]   ; Merged with innerMedian:a_dev|innerMedian.med$16:med$16|innerMedian.med$16.low_fifo:low_fifo|memory[6][0]   ;
; innerMedian:a_dev|innerMedian.med$16:med$16|innerMedian.med$16.low_fifo:low_fifo|memory[6][3]   ; Merged with innerMedian:a_dev|innerMedian.med$16:med$16|innerMedian.med$16.low_fifo:low_fifo|memory[6][0]   ;
; innerMedian:a_dev|innerMedian.med$16:med$16|innerMedian.med$16.low_fifo:low_fifo|memory[6][4]   ; Merged with innerMedian:a_dev|innerMedian.med$16:med$16|innerMedian.med$16.low_fifo:low_fifo|memory[6][0]   ;
; innerMedian:a_dev|innerMedian.med$16:med$16|innerMedian.med$16.low_fifo:low_fifo|memory[6][5]   ; Merged with innerMedian:a_dev|innerMedian.med$16:med$16|innerMedian.med$16.low_fifo:low_fifo|memory[6][0]   ;
; innerMedian:a_dev|innerMedian.med$16:med$16|innerMedian.med$16.low_fifo:low_fifo|memory[6][6]   ; Merged with innerMedian:a_dev|innerMedian.med$16:med$16|innerMedian.med$16.low_fifo:low_fifo|memory[6][0]   ;
; innerMedian:a_dev|innerMedian.med$16:med$16|innerMedian.med$16.low_fifo:low_fifo|memory[6][7]   ; Merged with innerMedian:a_dev|innerMedian.med$16:med$16|innerMedian.med$16.low_fifo:low_fifo|memory[6][0]   ;
; innerMedian:a_dev|innerMedian.med$16:med$16|innerMedian.med$16.low_fifo:low_fifo|memory[7][1]   ; Merged with innerMedian:a_dev|innerMedian.med$16:med$16|innerMedian.med$16.low_fifo:low_fifo|memory[7][0]   ;
; innerMedian:a_dev|innerMedian.med$16:med$16|innerMedian.med$16.low_fifo:low_fifo|memory[7][2]   ; Merged with innerMedian:a_dev|innerMedian.med$16:med$16|innerMedian.med$16.low_fifo:low_fifo|memory[7][0]   ;
; innerMedian:a_dev|innerMedian.med$16:med$16|innerMedian.med$16.low_fifo:low_fifo|memory[7][3]   ; Merged with innerMedian:a_dev|innerMedian.med$16:med$16|innerMedian.med$16.low_fifo:low_fifo|memory[7][0]   ;
; innerMedian:a_dev|innerMedian.med$16:med$16|innerMedian.med$16.low_fifo:low_fifo|memory[7][4]   ; Merged with innerMedian:a_dev|innerMedian.med$16:med$16|innerMedian.med$16.low_fifo:low_fifo|memory[7][0]   ;
; innerMedian:a_dev|innerMedian.med$16:med$16|innerMedian.med$16.low_fifo:low_fifo|memory[7][5]   ; Merged with innerMedian:a_dev|innerMedian.med$16:med$16|innerMedian.med$16.low_fifo:low_fifo|memory[7][0]   ;
; innerMedian:a_dev|innerMedian.med$16:med$16|innerMedian.med$16.low_fifo:low_fifo|memory[7][6]   ; Merged with innerMedian:a_dev|innerMedian.med$16:med$16|innerMedian.med$16.low_fifo:low_fifo|memory[7][0]   ;
; innerMedian:a_dev|innerMedian.med$16:med$16|innerMedian.med$16.low_fifo:low_fifo|memory[7][7]   ; Merged with innerMedian:a_dev|innerMedian.med$16:med$16|innerMedian.med$16.low_fifo:low_fifo|memory[7][0]   ;
; innerMedian:a_dev|innerMedian.med$16:med$16|innerMedian.med$16.high_fifo:high_fifo|memory[8][1] ; Merged with innerMedian:a_dev|innerMedian.med$16:med$16|innerMedian.med$16.high_fifo:high_fifo|memory[8][0] ;
; innerMedian:a_dev|innerMedian.med$16:med$16|innerMedian.med$16.high_fifo:high_fifo|memory[8][2] ; Merged with innerMedian:a_dev|innerMedian.med$16:med$16|innerMedian.med$16.high_fifo:high_fifo|memory[8][0] ;
; innerMedian:a_dev|innerMedian.med$16:med$16|innerMedian.med$16.high_fifo:high_fifo|memory[8][3] ; Merged with innerMedian:a_dev|innerMedian.med$16:med$16|innerMedian.med$16.high_fifo:high_fifo|memory[8][0] ;
; innerMedian:a_dev|innerMedian.med$16:med$16|innerMedian.med$16.high_fifo:high_fifo|memory[8][4] ; Merged with innerMedian:a_dev|innerMedian.med$16:med$16|innerMedian.med$16.high_fifo:high_fifo|memory[8][0] ;
; innerMedian:a_dev|innerMedian.med$16:med$16|innerMedian.med$16.high_fifo:high_fifo|memory[8][5] ; Merged with innerMedian:a_dev|innerMedian.med$16:med$16|innerMedian.med$16.high_fifo:high_fifo|memory[8][0] ;
; innerMedian:a_dev|innerMedian.med$16:med$16|innerMedian.med$16.high_fifo:high_fifo|memory[8][6] ; Merged with innerMedian:a_dev|innerMedian.med$16:med$16|innerMedian.med$16.high_fifo:high_fifo|memory[8][0] ;
; innerMedian:a_dev|innerMedian.med$16:med$16|innerMedian.med$16.high_fifo:high_fifo|memory[8][7] ; Merged with innerMedian:a_dev|innerMedian.med$16:med$16|innerMedian.med$16.high_fifo:high_fifo|memory[8][0] ;
; innerMedian:a_dev|innerMedian.med$16:med$16|innerMedian.med$16.high_fifo:high_fifo|memory[0][1] ; Merged with innerMedian:a_dev|innerMedian.med$16:med$16|innerMedian.med$16.high_fifo:high_fifo|memory[0][0] ;
; innerMedian:a_dev|innerMedian.med$16:med$16|innerMedian.med$16.high_fifo:high_fifo|memory[0][2] ; Merged with innerMedian:a_dev|innerMedian.med$16:med$16|innerMedian.med$16.high_fifo:high_fifo|memory[0][0] ;
; innerMedian:a_dev|innerMedian.med$16:med$16|innerMedian.med$16.high_fifo:high_fifo|memory[0][3] ; Merged with innerMedian:a_dev|innerMedian.med$16:med$16|innerMedian.med$16.high_fifo:high_fifo|memory[0][0] ;
; innerMedian:a_dev|innerMedian.med$16:med$16|innerMedian.med$16.high_fifo:high_fifo|memory[0][4] ; Merged with innerMedian:a_dev|innerMedian.med$16:med$16|innerMedian.med$16.high_fifo:high_fifo|memory[0][0] ;
; innerMedian:a_dev|innerMedian.med$16:med$16|innerMedian.med$16.high_fifo:high_fifo|memory[0][5] ; Merged with innerMedian:a_dev|innerMedian.med$16:med$16|innerMedian.med$16.high_fifo:high_fifo|memory[0][0] ;
; innerMedian:a_dev|innerMedian.med$16:med$16|innerMedian.med$16.high_fifo:high_fifo|memory[0][6] ; Merged with innerMedian:a_dev|innerMedian.med$16:med$16|innerMedian.med$16.high_fifo:high_fifo|memory[0][0] ;
; innerMedian:a_dev|innerMedian.med$16:med$16|innerMedian.med$16.high_fifo:high_fifo|memory[0][7] ; Merged with innerMedian:a_dev|innerMedian.med$16:med$16|innerMedian.med$16.high_fifo:high_fifo|memory[0][0] ;
; innerMedian:a_dev|innerMedian.med$16:med$16|innerMedian.med$16.high_fifo:high_fifo|memory[1][1] ; Merged with innerMedian:a_dev|innerMedian.med$16:med$16|innerMedian.med$16.high_fifo:high_fifo|memory[1][0] ;
; innerMedian:a_dev|innerMedian.med$16:med$16|innerMedian.med$16.high_fifo:high_fifo|memory[1][2] ; Merged with innerMedian:a_dev|innerMedian.med$16:med$16|innerMedian.med$16.high_fifo:high_fifo|memory[1][0] ;
; innerMedian:a_dev|innerMedian.med$16:med$16|innerMedian.med$16.high_fifo:high_fifo|memory[1][3] ; Merged with innerMedian:a_dev|innerMedian.med$16:med$16|innerMedian.med$16.high_fifo:high_fifo|memory[1][0] ;
; innerMedian:a_dev|innerMedian.med$16:med$16|innerMedian.med$16.high_fifo:high_fifo|memory[1][4] ; Merged with innerMedian:a_dev|innerMedian.med$16:med$16|innerMedian.med$16.high_fifo:high_fifo|memory[1][0] ;
; innerMedian:a_dev|innerMedian.med$16:med$16|innerMedian.med$16.high_fifo:high_fifo|memory[1][5] ; Merged with innerMedian:a_dev|innerMedian.med$16:med$16|innerMedian.med$16.high_fifo:high_fifo|memory[1][0] ;
; innerMedian:a_dev|innerMedian.med$16:med$16|innerMedian.med$16.high_fifo:high_fifo|memory[1][6] ; Merged with innerMedian:a_dev|innerMedian.med$16:med$16|innerMedian.med$16.high_fifo:high_fifo|memory[1][0] ;
; innerMedian:a_dev|innerMedian.med$16:med$16|innerMedian.med$16.high_fifo:high_fifo|memory[1][7] ; Merged with innerMedian:a_dev|innerMedian.med$16:med$16|innerMedian.med$16.high_fifo:high_fifo|memory[1][0] ;
; innerMedian:a_dev|innerMedian.med$16:med$16|innerMedian.med$16.high_fifo:high_fifo|memory[2][1] ; Merged with innerMedian:a_dev|innerMedian.med$16:med$16|innerMedian.med$16.high_fifo:high_fifo|memory[2][0] ;
; innerMedian:a_dev|innerMedian.med$16:med$16|innerMedian.med$16.high_fifo:high_fifo|memory[2][2] ; Merged with innerMedian:a_dev|innerMedian.med$16:med$16|innerMedian.med$16.high_fifo:high_fifo|memory[2][0] ;
; innerMedian:a_dev|innerMedian.med$16:med$16|innerMedian.med$16.high_fifo:high_fifo|memory[2][3] ; Merged with innerMedian:a_dev|innerMedian.med$16:med$16|innerMedian.med$16.high_fifo:high_fifo|memory[2][0] ;
; innerMedian:a_dev|innerMedian.med$16:med$16|innerMedian.med$16.high_fifo:high_fifo|memory[2][4] ; Merged with innerMedian:a_dev|innerMedian.med$16:med$16|innerMedian.med$16.high_fifo:high_fifo|memory[2][0] ;
; innerMedian:a_dev|innerMedian.med$16:med$16|innerMedian.med$16.high_fifo:high_fifo|memory[2][5] ; Merged with innerMedian:a_dev|innerMedian.med$16:med$16|innerMedian.med$16.high_fifo:high_fifo|memory[2][0] ;
; innerMedian:a_dev|innerMedian.med$16:med$16|innerMedian.med$16.high_fifo:high_fifo|memory[2][6] ; Merged with innerMedian:a_dev|innerMedian.med$16:med$16|innerMedian.med$16.high_fifo:high_fifo|memory[2][0] ;
; innerMedian:a_dev|innerMedian.med$16:med$16|innerMedian.med$16.high_fifo:high_fifo|memory[2][7] ; Merged with innerMedian:a_dev|innerMedian.med$16:med$16|innerMedian.med$16.high_fifo:high_fifo|memory[2][0] ;
; innerMedian:a_dev|innerMedian.med$16:med$16|innerMedian.med$16.high_fifo:high_fifo|memory[3][1] ; Merged with innerMedian:a_dev|innerMedian.med$16:med$16|innerMedian.med$16.high_fifo:high_fifo|memory[3][0] ;
; innerMedian:a_dev|innerMedian.med$16:med$16|innerMedian.med$16.high_fifo:high_fifo|memory[3][2] ; Merged with innerMedian:a_dev|innerMedian.med$16:med$16|innerMedian.med$16.high_fifo:high_fifo|memory[3][0] ;
; innerMedian:a_dev|innerMedian.med$16:med$16|innerMedian.med$16.high_fifo:high_fifo|memory[3][3] ; Merged with innerMedian:a_dev|innerMedian.med$16:med$16|innerMedian.med$16.high_fifo:high_fifo|memory[3][0] ;
; innerMedian:a_dev|innerMedian.med$16:med$16|innerMedian.med$16.high_fifo:high_fifo|memory[3][4] ; Merged with innerMedian:a_dev|innerMedian.med$16:med$16|innerMedian.med$16.high_fifo:high_fifo|memory[3][0] ;
; innerMedian:a_dev|innerMedian.med$16:med$16|innerMedian.med$16.high_fifo:high_fifo|memory[3][5] ; Merged with innerMedian:a_dev|innerMedian.med$16:med$16|innerMedian.med$16.high_fifo:high_fifo|memory[3][0] ;
; innerMedian:a_dev|innerMedian.med$16:med$16|innerMedian.med$16.high_fifo:high_fifo|memory[3][6] ; Merged with innerMedian:a_dev|innerMedian.med$16:med$16|innerMedian.med$16.high_fifo:high_fifo|memory[3][0] ;
; innerMedian:a_dev|innerMedian.med$16:med$16|innerMedian.med$16.high_fifo:high_fifo|memory[3][7] ; Merged with innerMedian:a_dev|innerMedian.med$16:med$16|innerMedian.med$16.high_fifo:high_fifo|memory[3][0] ;
; innerMedian:a_dev|innerMedian.med$16:med$16|innerMedian.med$16.high_fifo:high_fifo|memory[4][1] ; Merged with innerMedian:a_dev|innerMedian.med$16:med$16|innerMedian.med$16.high_fifo:high_fifo|memory[4][0] ;
; innerMedian:a_dev|innerMedian.med$16:med$16|innerMedian.med$16.high_fifo:high_fifo|memory[4][2] ; Merged with innerMedian:a_dev|innerMedian.med$16:med$16|innerMedian.med$16.high_fifo:high_fifo|memory[4][0] ;
; innerMedian:a_dev|innerMedian.med$16:med$16|innerMedian.med$16.high_fifo:high_fifo|memory[4][3] ; Merged with innerMedian:a_dev|innerMedian.med$16:med$16|innerMedian.med$16.high_fifo:high_fifo|memory[4][0] ;
; innerMedian:a_dev|innerMedian.med$16:med$16|innerMedian.med$16.high_fifo:high_fifo|memory[4][4] ; Merged with innerMedian:a_dev|innerMedian.med$16:med$16|innerMedian.med$16.high_fifo:high_fifo|memory[4][0] ;
; innerMedian:a_dev|innerMedian.med$16:med$16|innerMedian.med$16.high_fifo:high_fifo|memory[4][5] ; Merged with innerMedian:a_dev|innerMedian.med$16:med$16|innerMedian.med$16.high_fifo:high_fifo|memory[4][0] ;
; innerMedian:a_dev|innerMedian.med$16:med$16|innerMedian.med$16.high_fifo:high_fifo|memory[4][6] ; Merged with innerMedian:a_dev|innerMedian.med$16:med$16|innerMedian.med$16.high_fifo:high_fifo|memory[4][0] ;
; innerMedian:a_dev|innerMedian.med$16:med$16|innerMedian.med$16.high_fifo:high_fifo|memory[4][7] ; Merged with innerMedian:a_dev|innerMedian.med$16:med$16|innerMedian.med$16.high_fifo:high_fifo|memory[4][0] ;
; innerMedian:a_dev|innerMedian.med$16:med$16|innerMedian.med$16.high_fifo:high_fifo|memory[5][1] ; Merged with innerMedian:a_dev|innerMedian.med$16:med$16|innerMedian.med$16.high_fifo:high_fifo|memory[5][0] ;
; innerMedian:a_dev|innerMedian.med$16:med$16|innerMedian.med$16.high_fifo:high_fifo|memory[5][2] ; Merged with innerMedian:a_dev|innerMedian.med$16:med$16|innerMedian.med$16.high_fifo:high_fifo|memory[5][0] ;
; innerMedian:a_dev|innerMedian.med$16:med$16|innerMedian.med$16.high_fifo:high_fifo|memory[5][3] ; Merged with innerMedian:a_dev|innerMedian.med$16:med$16|innerMedian.med$16.high_fifo:high_fifo|memory[5][0] ;
; innerMedian:a_dev|innerMedian.med$16:med$16|innerMedian.med$16.high_fifo:high_fifo|memory[5][4] ; Merged with innerMedian:a_dev|innerMedian.med$16:med$16|innerMedian.med$16.high_fifo:high_fifo|memory[5][0] ;
; innerMedian:a_dev|innerMedian.med$16:med$16|innerMedian.med$16.high_fifo:high_fifo|memory[5][5] ; Merged with innerMedian:a_dev|innerMedian.med$16:med$16|innerMedian.med$16.high_fifo:high_fifo|memory[5][0] ;
; innerMedian:a_dev|innerMedian.med$16:med$16|innerMedian.med$16.high_fifo:high_fifo|memory[5][6] ; Merged with innerMedian:a_dev|innerMedian.med$16:med$16|innerMedian.med$16.high_fifo:high_fifo|memory[5][0] ;
; innerMedian:a_dev|innerMedian.med$16:med$16|innerMedian.med$16.high_fifo:high_fifo|memory[5][7] ; Merged with innerMedian:a_dev|innerMedian.med$16:med$16|innerMedian.med$16.high_fifo:high_fifo|memory[5][0] ;
; innerMedian:a_dev|innerMedian.med$16:med$16|innerMedian.med$16.high_fifo:high_fifo|memory[6][1] ; Merged with innerMedian:a_dev|innerMedian.med$16:med$16|innerMedian.med$16.high_fifo:high_fifo|memory[6][0] ;
; innerMedian:a_dev|innerMedian.med$16:med$16|innerMedian.med$16.high_fifo:high_fifo|memory[6][2] ; Merged with innerMedian:a_dev|innerMedian.med$16:med$16|innerMedian.med$16.high_fifo:high_fifo|memory[6][0] ;
; innerMedian:a_dev|innerMedian.med$16:med$16|innerMedian.med$16.high_fifo:high_fifo|memory[6][3] ; Merged with innerMedian:a_dev|innerMedian.med$16:med$16|innerMedian.med$16.high_fifo:high_fifo|memory[6][0] ;
; innerMedian:a_dev|innerMedian.med$16:med$16|innerMedian.med$16.high_fifo:high_fifo|memory[6][4] ; Merged with innerMedian:a_dev|innerMedian.med$16:med$16|innerMedian.med$16.high_fifo:high_fifo|memory[6][0] ;
; innerMedian:a_dev|innerMedian.med$16:med$16|innerMedian.med$16.high_fifo:high_fifo|memory[6][5] ; Merged with innerMedian:a_dev|innerMedian.med$16:med$16|innerMedian.med$16.high_fifo:high_fifo|memory[6][0] ;
; innerMedian:a_dev|innerMedian.med$16:med$16|innerMedian.med$16.high_fifo:high_fifo|memory[6][6] ; Merged with innerMedian:a_dev|innerMedian.med$16:med$16|innerMedian.med$16.high_fifo:high_fifo|memory[6][0] ;
; innerMedian:a_dev|innerMedian.med$16:med$16|innerMedian.med$16.high_fifo:high_fifo|memory[6][7] ; Merged with innerMedian:a_dev|innerMedian.med$16:med$16|innerMedian.med$16.high_fifo:high_fifo|memory[6][0] ;
; innerMedian:a_dev|innerMedian.med$16:med$16|innerMedian.med$16.high_fifo:high_fifo|memory[7][1] ; Merged with innerMedian:a_dev|innerMedian.med$16:med$16|innerMedian.med$16.high_fifo:high_fifo|memory[7][0] ;
; innerMedian:a_dev|innerMedian.med$16:med$16|innerMedian.med$16.high_fifo:high_fifo|memory[7][2] ; Merged with innerMedian:a_dev|innerMedian.med$16:med$16|innerMedian.med$16.high_fifo:high_fifo|memory[7][0] ;
; innerMedian:a_dev|innerMedian.med$16:med$16|innerMedian.med$16.high_fifo:high_fifo|memory[7][3] ; Merged with innerMedian:a_dev|innerMedian.med$16:med$16|innerMedian.med$16.high_fifo:high_fifo|memory[7][0] ;
; innerMedian:a_dev|innerMedian.med$16:med$16|innerMedian.med$16.high_fifo:high_fifo|memory[7][4] ; Merged with innerMedian:a_dev|innerMedian.med$16:med$16|innerMedian.med$16.high_fifo:high_fifo|memory[7][0] ;
; innerMedian:a_dev|innerMedian.med$16:med$16|innerMedian.med$16.high_fifo:high_fifo|memory[7][5] ; Merged with innerMedian:a_dev|innerMedian.med$16:med$16|innerMedian.med$16.high_fifo:high_fifo|memory[7][0] ;
; innerMedian:a_dev|innerMedian.med$16:med$16|innerMedian.med$16.high_fifo:high_fifo|memory[7][6] ; Merged with innerMedian:a_dev|innerMedian.med$16:med$16|innerMedian.med$16.high_fifo:high_fifo|memory[7][0] ;
; innerMedian:a_dev|innerMedian.med$16:med$16|innerMedian.med$16.high_fifo:high_fifo|memory[7][7] ; Merged with innerMedian:a_dev|innerMedian.med$16:med$16|innerMedian.med$16.high_fifo:high_fifo|memory[7][0] ;
; innerMedian:a_dev|innerMedian.med$16:med$16|innerMedian.med$16.init_fifo:init_fifo|_0_[1..7]    ; Merged with innerMedian:a_dev|innerMedian.med$16:med$16|innerMedian.med$16.init_fifo:init_fifo|_0_[0]       ;
; innerMedian:a_dev|innerMedian.med$16:med$16|innerMedian.med$16.init_fifo:init_fifo|memory[8][1] ; Merged with innerMedian:a_dev|innerMedian.med$16:med$16|innerMedian.med$16.init_fifo:init_fifo|memory[8][0] ;
; innerMedian:a_dev|innerMedian.med$16:med$16|innerMedian.med$16.init_fifo:init_fifo|memory[8][2] ; Merged with innerMedian:a_dev|innerMedian.med$16:med$16|innerMedian.med$16.init_fifo:init_fifo|memory[8][0] ;
; innerMedian:a_dev|innerMedian.med$16:med$16|innerMedian.med$16.init_fifo:init_fifo|memory[8][3] ; Merged with innerMedian:a_dev|innerMedian.med$16:med$16|innerMedian.med$16.init_fifo:init_fifo|memory[8][0] ;
; innerMedian:a_dev|innerMedian.med$16:med$16|innerMedian.med$16.init_fifo:init_fifo|memory[8][4] ; Merged with innerMedian:a_dev|innerMedian.med$16:med$16|innerMedian.med$16.init_fifo:init_fifo|memory[8][0] ;
; innerMedian:a_dev|innerMedian.med$16:med$16|innerMedian.med$16.init_fifo:init_fifo|memory[8][5] ; Merged with innerMedian:a_dev|innerMedian.med$16:med$16|innerMedian.med$16.init_fifo:init_fifo|memory[8][0] ;
; innerMedian:a_dev|innerMedian.med$16:med$16|innerMedian.med$16.init_fifo:init_fifo|memory[8][6] ; Merged with innerMedian:a_dev|innerMedian.med$16:med$16|innerMedian.med$16.init_fifo:init_fifo|memory[8][0] ;
; innerMedian:a_dev|innerMedian.med$16:med$16|innerMedian.med$16.init_fifo:init_fifo|memory[8][7] ; Merged with innerMedian:a_dev|innerMedian.med$16:med$16|innerMedian.med$16.init_fifo:init_fifo|memory[8][0] ;
; innerMedian:a_dev|innerMedian.med$16:med$16|innerMedian.med$16.init_fifo:init_fifo|memory[1][1] ; Merged with innerMedian:a_dev|innerMedian.med$16:med$16|innerMedian.med$16.init_fifo:init_fifo|memory[1][0] ;
; innerMedian:a_dev|innerMedian.med$16:med$16|innerMedian.med$16.init_fifo:init_fifo|memory[1][2] ; Merged with innerMedian:a_dev|innerMedian.med$16:med$16|innerMedian.med$16.init_fifo:init_fifo|memory[1][0] ;
; innerMedian:a_dev|innerMedian.med$16:med$16|innerMedian.med$16.init_fifo:init_fifo|memory[1][3] ; Merged with innerMedian:a_dev|innerMedian.med$16:med$16|innerMedian.med$16.init_fifo:init_fifo|memory[1][0] ;
; innerMedian:a_dev|innerMedian.med$16:med$16|innerMedian.med$16.init_fifo:init_fifo|memory[1][4] ; Merged with innerMedian:a_dev|innerMedian.med$16:med$16|innerMedian.med$16.init_fifo:init_fifo|memory[1][0] ;
; innerMedian:a_dev|innerMedian.med$16:med$16|innerMedian.med$16.init_fifo:init_fifo|memory[1][5] ; Merged with innerMedian:a_dev|innerMedian.med$16:med$16|innerMedian.med$16.init_fifo:init_fifo|memory[1][0] ;
; innerMedian:a_dev|innerMedian.med$16:med$16|innerMedian.med$16.init_fifo:init_fifo|memory[1][6] ; Merged with innerMedian:a_dev|innerMedian.med$16:med$16|innerMedian.med$16.init_fifo:init_fifo|memory[1][0] ;
; innerMedian:a_dev|innerMedian.med$16:med$16|innerMedian.med$16.init_fifo:init_fifo|memory[1][7] ; Merged with innerMedian:a_dev|innerMedian.med$16:med$16|innerMedian.med$16.init_fifo:init_fifo|memory[1][0] ;
; innerMedian:a_dev|innerMedian.med$16:med$16|innerMedian.med$16.init_fifo:init_fifo|memory[2][1] ; Merged with innerMedian:a_dev|innerMedian.med$16:med$16|innerMedian.med$16.init_fifo:init_fifo|memory[2][0] ;
; innerMedian:a_dev|innerMedian.med$16:med$16|innerMedian.med$16.init_fifo:init_fifo|memory[2][2] ; Merged with innerMedian:a_dev|innerMedian.med$16:med$16|innerMedian.med$16.init_fifo:init_fifo|memory[2][0] ;
; innerMedian:a_dev|innerMedian.med$16:med$16|innerMedian.med$16.init_fifo:init_fifo|memory[2][3] ; Merged with innerMedian:a_dev|innerMedian.med$16:med$16|innerMedian.med$16.init_fifo:init_fifo|memory[2][0] ;
; innerMedian:a_dev|innerMedian.med$16:med$16|innerMedian.med$16.init_fifo:init_fifo|memory[2][4] ; Merged with innerMedian:a_dev|innerMedian.med$16:med$16|innerMedian.med$16.init_fifo:init_fifo|memory[2][0] ;
; innerMedian:a_dev|innerMedian.med$16:med$16|innerMedian.med$16.init_fifo:init_fifo|memory[2][5] ; Merged with innerMedian:a_dev|innerMedian.med$16:med$16|innerMedian.med$16.init_fifo:init_fifo|memory[2][0] ;
; innerMedian:a_dev|innerMedian.med$16:med$16|innerMedian.med$16.init_fifo:init_fifo|memory[2][6] ; Merged with innerMedian:a_dev|innerMedian.med$16:med$16|innerMedian.med$16.init_fifo:init_fifo|memory[2][0] ;
; innerMedian:a_dev|innerMedian.med$16:med$16|innerMedian.med$16.init_fifo:init_fifo|memory[2][7] ; Merged with innerMedian:a_dev|innerMedian.med$16:med$16|innerMedian.med$16.init_fifo:init_fifo|memory[2][0] ;
; innerMedian:a_dev|innerMedian.med$16:med$16|innerMedian.med$16.init_fifo:init_fifo|memory[3][1] ; Merged with innerMedian:a_dev|innerMedian.med$16:med$16|innerMedian.med$16.init_fifo:init_fifo|memory[3][0] ;
; innerMedian:a_dev|innerMedian.med$16:med$16|innerMedian.med$16.init_fifo:init_fifo|memory[3][2] ; Merged with innerMedian:a_dev|innerMedian.med$16:med$16|innerMedian.med$16.init_fifo:init_fifo|memory[3][0] ;
; innerMedian:a_dev|innerMedian.med$16:med$16|innerMedian.med$16.init_fifo:init_fifo|memory[3][3] ; Merged with innerMedian:a_dev|innerMedian.med$16:med$16|innerMedian.med$16.init_fifo:init_fifo|memory[3][0] ;
; innerMedian:a_dev|innerMedian.med$16:med$16|innerMedian.med$16.init_fifo:init_fifo|memory[3][4] ; Merged with innerMedian:a_dev|innerMedian.med$16:med$16|innerMedian.med$16.init_fifo:init_fifo|memory[3][0] ;
; innerMedian:a_dev|innerMedian.med$16:med$16|innerMedian.med$16.init_fifo:init_fifo|memory[3][5] ; Merged with innerMedian:a_dev|innerMedian.med$16:med$16|innerMedian.med$16.init_fifo:init_fifo|memory[3][0] ;
; innerMedian:a_dev|innerMedian.med$16:med$16|innerMedian.med$16.init_fifo:init_fifo|memory[3][6] ; Merged with innerMedian:a_dev|innerMedian.med$16:med$16|innerMedian.med$16.init_fifo:init_fifo|memory[3][0] ;
; innerMedian:a_dev|innerMedian.med$16:med$16|innerMedian.med$16.init_fifo:init_fifo|memory[3][7] ; Merged with innerMedian:a_dev|innerMedian.med$16:med$16|innerMedian.med$16.init_fifo:init_fifo|memory[3][0] ;
; innerMedian:a_dev|innerMedian.med$16:med$16|innerMedian.med$16.init_fifo:init_fifo|memory[4][1] ; Merged with innerMedian:a_dev|innerMedian.med$16:med$16|innerMedian.med$16.init_fifo:init_fifo|memory[4][0] ;
; innerMedian:a_dev|innerMedian.med$16:med$16|innerMedian.med$16.init_fifo:init_fifo|memory[4][2] ; Merged with innerMedian:a_dev|innerMedian.med$16:med$16|innerMedian.med$16.init_fifo:init_fifo|memory[4][0] ;
; innerMedian:a_dev|innerMedian.med$16:med$16|innerMedian.med$16.init_fifo:init_fifo|memory[4][3] ; Merged with innerMedian:a_dev|innerMedian.med$16:med$16|innerMedian.med$16.init_fifo:init_fifo|memory[4][0] ;
; innerMedian:a_dev|innerMedian.med$16:med$16|innerMedian.med$16.init_fifo:init_fifo|memory[4][4] ; Merged with innerMedian:a_dev|innerMedian.med$16:med$16|innerMedian.med$16.init_fifo:init_fifo|memory[4][0] ;
; innerMedian:a_dev|innerMedian.med$16:med$16|innerMedian.med$16.init_fifo:init_fifo|memory[4][5] ; Merged with innerMedian:a_dev|innerMedian.med$16:med$16|innerMedian.med$16.init_fifo:init_fifo|memory[4][0] ;
; innerMedian:a_dev|innerMedian.med$16:med$16|innerMedian.med$16.init_fifo:init_fifo|memory[4][6] ; Merged with innerMedian:a_dev|innerMedian.med$16:med$16|innerMedian.med$16.init_fifo:init_fifo|memory[4][0] ;
; innerMedian:a_dev|innerMedian.med$16:med$16|innerMedian.med$16.init_fifo:init_fifo|memory[4][7] ; Merged with innerMedian:a_dev|innerMedian.med$16:med$16|innerMedian.med$16.init_fifo:init_fifo|memory[4][0] ;
; innerMedian:a_dev|innerMedian.med$16:med$16|innerMedian.med$16.init_fifo:init_fifo|memory[5][1] ; Merged with innerMedian:a_dev|innerMedian.med$16:med$16|innerMedian.med$16.init_fifo:init_fifo|memory[5][0] ;
; innerMedian:a_dev|innerMedian.med$16:med$16|innerMedian.med$16.init_fifo:init_fifo|memory[5][2] ; Merged with innerMedian:a_dev|innerMedian.med$16:med$16|innerMedian.med$16.init_fifo:init_fifo|memory[5][0] ;
; innerMedian:a_dev|innerMedian.med$16:med$16|innerMedian.med$16.init_fifo:init_fifo|memory[5][3] ; Merged with innerMedian:a_dev|innerMedian.med$16:med$16|innerMedian.med$16.init_fifo:init_fifo|memory[5][0] ;
; innerMedian:a_dev|innerMedian.med$16:med$16|innerMedian.med$16.init_fifo:init_fifo|memory[5][4] ; Merged with innerMedian:a_dev|innerMedian.med$16:med$16|innerMedian.med$16.init_fifo:init_fifo|memory[5][0] ;
; innerMedian:a_dev|innerMedian.med$16:med$16|innerMedian.med$16.init_fifo:init_fifo|memory[5][5] ; Merged with innerMedian:a_dev|innerMedian.med$16:med$16|innerMedian.med$16.init_fifo:init_fifo|memory[5][0] ;
; innerMedian:a_dev|innerMedian.med$16:med$16|innerMedian.med$16.init_fifo:init_fifo|memory[5][6] ; Merged with innerMedian:a_dev|innerMedian.med$16:med$16|innerMedian.med$16.init_fifo:init_fifo|memory[5][0] ;
; innerMedian:a_dev|innerMedian.med$16:med$16|innerMedian.med$16.init_fifo:init_fifo|memory[5][7] ; Merged with innerMedian:a_dev|innerMedian.med$16:med$16|innerMedian.med$16.init_fifo:init_fifo|memory[5][0] ;
; innerMedian:a_dev|innerMedian.med$16:med$16|innerMedian.med$16.init_fifo:init_fifo|memory[6][1] ; Merged with innerMedian:a_dev|innerMedian.med$16:med$16|innerMedian.med$16.init_fifo:init_fifo|memory[6][0] ;
; innerMedian:a_dev|innerMedian.med$16:med$16|innerMedian.med$16.init_fifo:init_fifo|memory[6][2] ; Merged with innerMedian:a_dev|innerMedian.med$16:med$16|innerMedian.med$16.init_fifo:init_fifo|memory[6][0] ;
; innerMedian:a_dev|innerMedian.med$16:med$16|innerMedian.med$16.init_fifo:init_fifo|memory[6][3] ; Merged with innerMedian:a_dev|innerMedian.med$16:med$16|innerMedian.med$16.init_fifo:init_fifo|memory[6][0] ;
; innerMedian:a_dev|innerMedian.med$16:med$16|innerMedian.med$16.init_fifo:init_fifo|memory[6][4] ; Merged with innerMedian:a_dev|innerMedian.med$16:med$16|innerMedian.med$16.init_fifo:init_fifo|memory[6][0] ;
; innerMedian:a_dev|innerMedian.med$16:med$16|innerMedian.med$16.init_fifo:init_fifo|memory[6][5] ; Merged with innerMedian:a_dev|innerMedian.med$16:med$16|innerMedian.med$16.init_fifo:init_fifo|memory[6][0] ;
; innerMedian:a_dev|innerMedian.med$16:med$16|innerMedian.med$16.init_fifo:init_fifo|memory[6][6] ; Merged with innerMedian:a_dev|innerMedian.med$16:med$16|innerMedian.med$16.init_fifo:init_fifo|memory[6][0] ;
; innerMedian:a_dev|innerMedian.med$16:med$16|innerMedian.med$16.init_fifo:init_fifo|memory[6][7] ; Merged with innerMedian:a_dev|innerMedian.med$16:med$16|innerMedian.med$16.init_fifo:init_fifo|memory[6][0] ;
; innerMedian:a_dev|innerMedian.med$16:med$16|innerMedian.med$16.init_fifo:init_fifo|memory[7][1] ; Merged with innerMedian:a_dev|innerMedian.med$16:med$16|innerMedian.med$16.init_fifo:init_fifo|memory[7][0] ;
; innerMedian:a_dev|innerMedian.med$16:med$16|innerMedian.med$16.init_fifo:init_fifo|memory[7][2] ; Merged with innerMedian:a_dev|innerMedian.med$16:med$16|innerMedian.med$16.init_fifo:init_fifo|memory[7][0] ;
; innerMedian:a_dev|innerMedian.med$16:med$16|innerMedian.med$16.init_fifo:init_fifo|memory[7][3] ; Merged with innerMedian:a_dev|innerMedian.med$16:med$16|innerMedian.med$16.init_fifo:init_fifo|memory[7][0] ;
; innerMedian:a_dev|innerMedian.med$16:med$16|innerMedian.med$16.init_fifo:init_fifo|memory[7][4] ; Merged with innerMedian:a_dev|innerMedian.med$16:med$16|innerMedian.med$16.init_fifo:init_fifo|memory[7][0] ;
; innerMedian:a_dev|innerMedian.med$16:med$16|innerMedian.med$16.init_fifo:init_fifo|memory[7][5] ; Merged with innerMedian:a_dev|innerMedian.med$16:med$16|innerMedian.med$16.init_fifo:init_fifo|memory[7][0] ;
; innerMedian:a_dev|innerMedian.med$16:med$16|innerMedian.med$16.init_fifo:init_fifo|memory[7][6] ; Merged with innerMedian:a_dev|innerMedian.med$16:med$16|innerMedian.med$16.init_fifo:init_fifo|memory[7][0] ;
; innerMedian:a_dev|innerMedian.med$16:med$16|innerMedian.med$16.init_fifo:init_fifo|memory[7][7] ; Merged with innerMedian:a_dev|innerMedian.med$16:med$16|innerMedian.med$16.init_fifo:init_fifo|memory[7][0] ;
; innerMedian:a_dev|innerMedian.med$16:med$16|bit_counter[0..2]                                   ; Lost fanout                                                                                                 ;
; Total Number of Removed Registers = 293                                                         ;                                                                                                             ;
+-------------------------------------------------------------------------------------------------+-------------------------------------------------------------------------------------------------------------+


+------------------------------------------------------+
; General Register Statistics                          ;
+----------------------------------------------+-------+
; Statistic                                    ; Value ;
+----------------------------------------------+-------+
; Total registers                              ; 108   ;
; Number of registers using Synchronous Clear  ; 0     ;
; Number of registers using Synchronous Load   ; 1     ;
; Number of registers using Asynchronous Clear ; 30    ;
; Number of registers using Asynchronous Load  ; 0     ;
; Number of registers using Clock Enable       ; 44    ;
; Number of registers using Preset             ; 0     ;
+----------------------------------------------+-------+


+-------------------------------------------------------------------------+
; Inverted Register Statistics                                            ;
+---------------------------------------------------------------+---------+
; Inverted Register                                             ; Fan out ;
+---------------------------------------------------------------+---------+
; innerMedian:a_dev|innerMedian.med$16:med$16|fifo_counter[3]   ; 6       ;
; innerMedian:a_dev|innerMedian.med$16:med$16|stable_counter[1] ; 5       ;
; innerMedian:a_dev|innerMedian.med$16:med$16|clr_n$23          ; 26      ;
; innerMedian:a_dev|innerMedian.med$16:med$16|offset[3]         ; 7       ;
; innerMedian:a_dev|innerMedian.med$16:med$16|total[3]          ; 3       ;
; innerMedian:a_dev|innerMedian.med$16:med$16|total[0]          ; 3       ;
; innerMedian:a_dev|innerMedian.med$16:med$16|clr_n$24          ; 37      ;
; Total number of inverted registers = 7                        ;         ;
+---------------------------------------------------------------+---------+


+-------------------------------------------------------------------------------------------------------------------------------------------------------------------------------------------------------------------------------+
; Multiplexer Restructuring Statistics (Restructuring Performed)                                                                                                                                                                ;
+--------------------+-----------+---------------+----------------------+------------------------+------------+-----------------------------------------------------------------------------------------------------------------+
; Multiplexer Inputs ; Bus Width ; Baseline Area ; Area if Restructured ; Saving if Restructured ; Registered ; Example Multiplexer Output                                                                                      ;
+--------------------+-----------+---------------+----------------------+------------------------+------------+-----------------------------------------------------------------------------------------------------------------+
; 4:1                ; 4 bits    ; 8 LEs         ; 4 LEs                ; 4 LEs                  ; Yes        ; |syncMedian|innerMedian:a_dev|innerMedian.med$16:med$16|innerMedian.med$16.init_fifo:init_fifo|w_addr[0]        ;
; 4:1                ; 4 bits    ; 8 LEs         ; 4 LEs                ; 4 LEs                  ; Yes        ; |syncMedian|innerMedian:a_dev|innerMedian.med$16:med$16|innerMedian.med$16.low_fifo:low_fifo|r_addr[1]          ;
; 4:1                ; 4 bits    ; 8 LEs         ; 4 LEs                ; 4 LEs                  ; Yes        ; |syncMedian|innerMedian:a_dev|innerMedian.med$16:med$16|innerMedian.med$16.low_fifo:low_fifo|w_addr[3]          ;
; 4:1                ; 4 bits    ; 8 LEs         ; 4 LEs                ; 4 LEs                  ; Yes        ; |syncMedian|innerMedian:a_dev|innerMedian.med$16:med$16|innerMedian.med$16.high_fifo:high_fifo|r_addr[3]        ;
; 4:1                ; 4 bits    ; 8 LEs         ; 4 LEs                ; 4 LEs                  ; Yes        ; |syncMedian|innerMedian:a_dev|innerMedian.med$16:med$16|innerMedian.med$16.high_fifo:high_fifo|w_addr[0]        ;
; 4:1                ; 4 bits    ; 8 LEs         ; 4 LEs                ; 4 LEs                  ; Yes        ; |syncMedian|innerMedian:a_dev|innerMedian.med$16:med$16|innerMedian.med$16.init_fifo:init_fifo|r_addr[0]        ;
; 9:1                ; 2 bits    ; 12 LEs        ; 2 LEs                ; 10 LEs                 ; Yes        ; |syncMedian|innerMedian:a_dev|innerMedian.med$16:med$16|push$34                                                 ;
; 17:1               ; 8 bits    ; 88 LEs        ; 56 LEs               ; 32 LEs                 ; Yes        ; |syncMedian|innerMedian:a_dev|innerMedian.med$16:med$16|innerMedian.med$16.low_fifo:low_fifo|_0_[1]             ;
; 17:1               ; 8 bits    ; 88 LEs        ; 56 LEs               ; 32 LEs                 ; Yes        ; |syncMedian|innerMedian:a_dev|innerMedian.med$16:med$16|innerMedian.med$16.high_fifo:high_fifo|_0_[0]           ;
; 17:1               ; 8 bits    ; 88 LEs        ; 56 LEs               ; 32 LEs                 ; Yes        ; |syncMedian|innerMedian:a_dev|innerMedian.med$16:med$16|innerMedian.med$16.init_fifo:init_fifo|_0_[7]           ;
; 9:1                ; 3 bits    ; 18 LEs        ; 3 LEs                ; 15 LEs                 ; Yes        ; |syncMedian|innerMedian:a_dev|innerMedian.med$16:med$16|offset[1]                                               ;
; 10:1               ; 4 bits    ; 24 LEs        ; 4 LEs                ; 20 LEs                 ; Yes        ; |syncMedian|innerMedian:a_dev|innerMedian.med$16:med$16|index[1]                                                ;
; 10:1               ; 2 bits    ; 12 LEs        ; 2 LEs                ; 10 LEs                 ; Yes        ; |syncMedian|innerMedian:a_dev|innerMedian.med$16:med$16|total[2]                                                ;
; 12:1               ; 2 bits    ; 16 LEs        ; 6 LEs                ; 10 LEs                 ; Yes        ; |syncMedian|innerMedian:a_dev|innerMedian.med$16:med$16|fsm_state[2]                                            ;
; 13:1               ; 3 bits    ; 24 LEs        ; 6 LEs                ; 18 LEs                 ; Yes        ; |syncMedian|innerMedian:a_dev|innerMedian.med$16:med$16|fifo_counter[2]                                         ;
; 10:1               ; 2 bits    ; 12 LEs        ; 2 LEs                ; 10 LEs                 ; Yes        ; |syncMedian|innerMedian:a_dev|innerMedian.med$16:med$16|total[0]                                                ;
; 7:1                ; 3 bits    ; 12 LEs        ; 3 LEs                ; 9 LEs                  ; Yes        ; |syncMedian|innerMedian:a_dev|innerMedian.med$16:med$16|bit_counter[0]                                          ;
; 8:1                ; 9 bits    ; 45 LEs        ; 18 LEs               ; 27 LEs                 ; No         ; |syncMedian|innerMedian:a_dev|innerMedian.med$16:med$16|Mux19                                                   ;
; 9:1                ; 8 bits    ; 48 LEs        ; 24 LEs               ; 24 LEs                 ; No         ; |syncMedian|innerMedian:a_dev|innerMedian.med$16:med$16|innerMedian.med$16.init_fifo:init_fifo|memory_w_data[7] ;
+--------------------+-----------+---------------+----------------------+------------------------+------------+-----------------------------------------------------------------------------------------------------------------+


+-----------------------------------------------------+
; Post-Synthesis Netlist Statistics for Top Partition ;
+-----------------------+-----------------------------+
; Type                  ; Count                       ;
+-----------------------+-----------------------------+
; boundary_port         ; 82                          ;
; cycloneiii_ff         ; 108                         ;
;     CLR               ; 9                           ;
;     CLR SLD           ; 1                           ;
;     ENA               ; 24                          ;
;     ENA CLR           ; 20                          ;
;     plain             ; 54                          ;
; cycloneiii_lcell_comb ; 300                         ;
;     arith             ; 19                          ;
;         2 data inputs ; 2                           ;
;         3 data inputs ; 17                          ;
;     normal            ; 281                         ;
;         0 data inputs ; 1                           ;
;         1 data inputs ; 1                           ;
;         2 data inputs ; 58                          ;
;         3 data inputs ; 63                          ;
;         4 data inputs ; 158                         ;
;                       ;                             ;
; Max LUT depth         ; 6.00                        ;
; Average LUT depth     ; 3.56                        ;
+-----------------------+-----------------------------+


+-------------------------------+
; Elapsed Time Per Partition    ;
+----------------+--------------+
; Partition Name ; Elapsed Time ;
+----------------+--------------+
; Top            ; 00:00:01     ;
+----------------+--------------+


+-------------------------------+
; Analysis & Synthesis Messages ;
+-------------------------------+
Info: *******************************************************************
Info: Running Quartus Prime Analysis & Synthesis
    Info: Version 20.1.1 Build 720 11/11/2020 SJ Lite Edition
    Info: Processing started: Wed May 28 09:51:46 2025
Info: Command: quartus_map --read_settings_files=on --write_settings_files=off syncMedian -c syncMedian
Warning (18236): Number of processors has not been specified which may cause overloading on shared machines.  Set the global assignment NUM_PARALLEL_PROCESSORS in your QSF to an appropriate value for best performance.
Info (20030): Parallel compilation is enabled and will use 4 of the 4 processors detected
Warning (10335): Unrecognized synthesis attribute "generator" at innerMedian.sv(3) File: /home/venser/bak-dip/practice/project/innerMedian.sv Line: 3
Warning (10335): Unrecognized synthesis attribute "generator" at innerMedian.sv(53) File: /home/venser/bak-dip/practice/project/innerMedian.sv Line: 53
Warning (10335): Unrecognized synthesis attribute "full_case" at innerMedian.sv(429) File: /home/venser/bak-dip/practice/project/innerMedian.sv Line: 429
Warning (10335): Unrecognized synthesis attribute "full_case" at innerMedian.sv(455) File: /home/venser/bak-dip/practice/project/innerMedian.sv Line: 455
Warning (10335): Unrecognized synthesis attribute "full_case" at innerMedian.sv(465) File: /home/venser/bak-dip/practice/project/innerMedian.sv Line: 465
Warning (10335): Unrecognized synthesis attribute "full_case" at innerMedian.sv(481) File: /home/venser/bak-dip/practice/project/innerMedian.sv Line: 481
Warning (10335): Unrecognized synthesis attribute "full_case" at innerMedian.sv(526) File: /home/venser/bak-dip/practice/project/innerMedian.sv Line: 526
Warning (10335): Unrecognized synthesis attribute "full_case" at innerMedian.sv(595) File: /home/venser/bak-dip/practice/project/innerMedian.sv Line: 595
Warning (10335): Unrecognized synthesis attribute "full_case" at innerMedian.sv(602) File: /home/venser/bak-dip/practice/project/innerMedian.sv Line: 602
Warning (10335): Unrecognized synthesis attribute "full_case" at innerMedian.sv(609) File: /home/venser/bak-dip/practice/project/innerMedian.sv Line: 609
Warning (10335): Unrecognized synthesis attribute "full_case" at innerMedian.sv(651) File: /home/venser/bak-dip/practice/project/innerMedian.sv Line: 651
Warning (10335): Unrecognized synthesis attribute "full_case" at innerMedian.sv(765) File: /home/venser/bak-dip/practice/project/innerMedian.sv Line: 765
Warning (10335): Unrecognized synthesis attribute "full_case" at innerMedian.sv(880) File: /home/venser/bak-dip/practice/project/innerMedian.sv Line: 880
Warning (10335): Unrecognized synthesis attribute "full_case" at innerMedian.sv(887) File: /home/venser/bak-dip/practice/project/innerMedian.sv Line: 887
Warning (10335): Unrecognized synthesis attribute "full_case" at innerMedian.sv(914) File: /home/venser/bak-dip/practice/project/innerMedian.sv Line: 914
Warning (10335): Unrecognized synthesis attribute "generator" at innerMedian.sv(940) File: /home/venser/bak-dip/practice/project/innerMedian.sv Line: 940
Warning (10335): Unrecognized synthesis attribute "full_case" at innerMedian.sv(1038) File: /home/venser/bak-dip/practice/project/innerMedian.sv Line: 1038
Warning (10335): Unrecognized synthesis attribute "full_case" at innerMedian.sv(1063) File: /home/venser/bak-dip/practice/project/innerMedian.sv Line: 1063
Warning (10335): Unrecognized synthesis attribute "generator" at innerMedian.sv(1082) File: /home/venser/bak-dip/practice/project/innerMedian.sv Line: 1082
Warning (10335): Unrecognized synthesis attribute "full_case" at innerMedian.sv(1181) File: /home/venser/bak-dip/practice/project/innerMedian.sv Line: 1181
Warning (10335): Unrecognized synthesis attribute "full_case" at innerMedian.sv(1206) File: /home/venser/bak-dip/practice/project/innerMedian.sv Line: 1206
Warning (10335): Unrecognized synthesis attribute "generator" at innerMedian.sv(1225) File: /home/venser/bak-dip/practice/project/innerMedian.sv Line: 1225
Warning (10335): Unrecognized synthesis attribute "full_case" at innerMedian.sv(1323) File: /home/venser/bak-dip/practice/project/innerMedian.sv Line: 1323
Warning (10335): Unrecognized synthesis attribute "full_case" at innerMedian.sv(1348) File: /home/venser/bak-dip/practice/project/innerMedian.sv Line: 1348
Info (12021): Found 5 design units, including 5 entities, in source file innerMedian.sv
    Info (12023): Found entity 1: innerMedian File: /home/venser/bak-dip/practice/project/innerMedian.sv Line: 4
    Info (12023): Found entity 2: innerMedian.med$16 File: /home/venser/bak-dip/practice/project/innerMedian.sv Line: 54
    Info (12023): Found entity 3: innerMedian.med$16.high_fifo File: /home/venser/bak-dip/practice/project/innerMedian.sv Line: 941
    Info (12023): Found entity 4: innerMedian.med$16.init_fifo File: /home/venser/bak-dip/practice/project/innerMedian.sv Line: 1083
    Info (12023): Found entity 5: innerMedian.med$16.low_fifo File: /home/venser/bak-dip/practice/project/innerMedian.sv Line: 1226
Warning (10335): Unrecognized synthesis attribute "top" at syncMedian.sv(1) File: /home/venser/bak-dip/practice/project/syncMedian.sv Line: 1
Info (12021): Found 1 design units, including 1 entities, in source file syncMedian.sv
    Info (12023): Found entity 1: syncMedian File: /home/venser/bak-dip/practice/project/syncMedian.sv Line: 2
Info (12127): Elaborating entity "syncMedian" for the top level hierarchy
Info (10008): Verilog HDL or VHDL information: EDA Netlist Writer cannot regroup multidimensional array "arr" into its bus
Info (10008): Verilog HDL or VHDL information: EDA Netlist Writer cannot regroup multidimensional array "arr" into its bus
Info (12128): Elaborating entity "innerMedian" for hierarchy "innerMedian:a_dev" File: /home/venser/bak-dip/practice/project/syncMedian.sv Line: 22
Warning (10036): Verilog HDL or VHDL warning at innerMedian.sv(5): object "arr" assigned a value but never read File: /home/venser/bak-dip/practice/project/innerMedian.sv Line: 5
Warning (10036): Verilog HDL or VHDL warning at innerMedian.sv(26): object "clk$12" assigned a value but never read File: /home/venser/bak-dip/practice/project/innerMedian.sv Line: 26
Warning (10036): Verilog HDL or VHDL warning at innerMedian.sv(29): object "clr_n$13" assigned a value but never read File: /home/venser/bak-dip/practice/project/innerMedian.sv Line: 29
Warning (10036): Verilog HDL or VHDL warning at innerMedian.sv(32): object "med$15" assigned a value but never read File: /home/venser/bak-dip/practice/project/innerMedian.sv Line: 32
Info (12128): Elaborating entity "innerMedian.med$16" for hierarchy "innerMedian:a_dev|innerMedian.med$16:med$16" File: /home/venser/bak-dip/practice/project/innerMedian.sv Line: 46
Warning (10036): Verilog HDL or VHDL warning at innerMedian.sv(57): object "$10" assigned a value but never read File: /home/venser/bak-dip/practice/project/innerMedian.sv Line: 57
Warning (10036): Verilog HDL or VHDL warning at innerMedian.sv(58): object "$11" assigned a value but never read File: /home/venser/bak-dip/practice/project/innerMedian.sv Line: 58
Warning (10036): Verilog HDL or VHDL warning at innerMedian.sv(59): object "$12" assigned a value but never read File: /home/venser/bak-dip/practice/project/innerMedian.sv Line: 59
Warning (10036): Verilog HDL or VHDL warning at innerMedian.sv(60): object "$13" assigned a value but never read File: /home/venser/bak-dip/practice/project/innerMedian.sv Line: 60
Warning (10036): Verilog HDL or VHDL warning at innerMedian.sv(61): object "$14" assigned a value but never read File: /home/venser/bak-dip/practice/project/innerMedian.sv Line: 61
Warning (10036): Verilog HDL or VHDL warning at innerMedian.sv(127): object "$8" assigned a value but never read File: /home/venser/bak-dip/practice/project/innerMedian.sv Line: 127
Warning (10036): Verilog HDL or VHDL warning at innerMedian.sv(128): object "$9" assigned a value but never read File: /home/venser/bak-dip/practice/project/innerMedian.sv Line: 128
Warning (10036): Verilog HDL or VHDL warning at innerMedian.sv(129): object "arr" assigned a value but never read File: /home/venser/bak-dip/practice/project/innerMedian.sv Line: 129
Warning (10036): Verilog HDL or VHDL warning at innerMedian.sv(134): object "clk$1" assigned a value but never read File: /home/venser/bak-dip/practice/project/innerMedian.sv Line: 134
Warning (10036): Verilog HDL or VHDL warning at innerMedian.sv(135): object "clk$4" assigned a value but never read File: /home/venser/bak-dip/practice/project/innerMedian.sv Line: 135
Warning (10036): Verilog HDL or VHDL warning at innerMedian.sv(136): object "clk$5" assigned a value but never read File: /home/venser/bak-dip/practice/project/innerMedian.sv Line: 136
Warning (10036): Verilog HDL or VHDL warning at innerMedian.sv(137): object "clk$6" assigned a value but never read File: /home/venser/bak-dip/practice/project/innerMedian.sv Line: 137
Warning (10036): Verilog HDL or VHDL warning at innerMedian.sv(143): object "en_write" assigned a value but never read File: /home/venser/bak-dip/practice/project/innerMedian.sv Line: 143
Warning (10036): Verilog HDL or VHDL warning at innerMedian.sv(181): object "rst" assigned a value but never read File: /home/venser/bak-dip/practice/project/innerMedian.sv Line: 181
Warning (10230): Verilog HDL assignment warning at innerMedian.sv(275): truncated value with size 72 to match size of target (8) File: /home/venser/bak-dip/practice/project/innerMedian.sv Line: 275
Warning (10230): Verilog HDL assignment warning at innerMedian.sv(276): truncated value with size 8 to match size of target (1) File: /home/venser/bak-dip/practice/project/innerMedian.sv Line: 276
Warning (10230): Verilog HDL assignment warning at innerMedian.sv(280): truncated value with size 8 to match size of target (1) File: /home/venser/bak-dip/practice/project/innerMedian.sv Line: 280
Warning (10270): Verilog HDL Case Statement warning at innerMedian.sv(327): incomplete case statement has no default case item File: /home/venser/bak-dip/practice/project/innerMedian.sv Line: 327
Warning (10270): Verilog HDL Case Statement warning at innerMedian.sv(335): incomplete case statement has no default case item File: /home/venser/bak-dip/practice/project/innerMedian.sv Line: 335
Warning (10270): Verilog HDL Case Statement warning at innerMedian.sv(355): incomplete case statement has no default case item File: /home/venser/bak-dip/practice/project/innerMedian.sv Line: 355
Warning (10270): Verilog HDL Case Statement warning at innerMedian.sv(374): incomplete case statement has no default case item File: /home/venser/bak-dip/practice/project/innerMedian.sv Line: 374
Warning (10270): Verilog HDL Case Statement warning at innerMedian.sv(393): incomplete case statement has no default case item File: /home/venser/bak-dip/practice/project/innerMedian.sv Line: 393
Warning (10270): Verilog HDL Case Statement warning at innerMedian.sv(412): incomplete case statement has no default case item File: /home/venser/bak-dip/practice/project/innerMedian.sv Line: 412
Warning (10270): Verilog HDL Case Statement warning at innerMedian.sv(451): incomplete case statement has no default case item File: /home/venser/bak-dip/practice/project/innerMedian.sv Line: 451
Warning (10270): Verilog HDL Case Statement warning at innerMedian.sv(477): incomplete case statement has no default case item File: /home/venser/bak-dip/practice/project/innerMedian.sv Line: 477
Warning (10270): Verilog HDL Case Statement warning at innerMedian.sv(522): incomplete case statement has no default case item File: /home/venser/bak-dip/practice/project/innerMedian.sv Line: 522
Warning (10270): Verilog HDL Case Statement warning at innerMedian.sv(567): incomplete case statement has no default case item File: /home/venser/bak-dip/practice/project/innerMedian.sv Line: 567
Warning (10270): Verilog HDL Case Statement warning at innerMedian.sv(587): incomplete case statement has no default case item File: /home/venser/bak-dip/practice/project/innerMedian.sv Line: 587
Warning (10270): Verilog HDL Case Statement warning at innerMedian.sv(636): incomplete case statement has no default case item File: /home/venser/bak-dip/practice/project/innerMedian.sv Line: 636
Warning (10270): Verilog HDL Case Statement warning at innerMedian.sv(672): incomplete case statement has no default case item File: /home/venser/bak-dip/practice/project/innerMedian.sv Line: 672
Warning (10270): Verilog HDL Case Statement warning at innerMedian.sv(700): incomplete case statement has no default case item File: /home/venser/bak-dip/practice/project/innerMedian.sv Line: 700
Warning (10270): Verilog HDL Case Statement warning at innerMedian.sv(726): incomplete case statement has no default case item File: /home/venser/bak-dip/practice/project/innerMedian.sv Line: 726
Warning (10270): Verilog HDL Case Statement warning at innerMedian.sv(752): incomplete case statement has no default case item File: /home/venser/bak-dip/practice/project/innerMedian.sv Line: 752
Warning (10270): Verilog HDL Case Statement warning at innerMedian.sv(777): incomplete case statement has no default case item File: /home/venser/bak-dip/practice/project/innerMedian.sv Line: 777
Warning (10270): Verilog HDL Case Statement warning at innerMedian.sv(800): incomplete case statement has no default case item File: /home/venser/bak-dip/practice/project/innerMedian.sv Line: 800
Warning (10270): Verilog HDL Case Statement warning at innerMedian.sv(814): incomplete case statement has no default case item File: /home/venser/bak-dip/practice/project/innerMedian.sv Line: 814
Warning (10270): Verilog HDL Case Statement warning at innerMedian.sv(833): incomplete case statement has no default case item File: /home/venser/bak-dip/practice/project/innerMedian.sv Line: 833
Warning (10270): Verilog HDL Case Statement warning at innerMedian.sv(852): incomplete case statement has no default case item File: /home/venser/bak-dip/practice/project/innerMedian.sv Line: 852
Warning (10270): Verilog HDL Case Statement warning at innerMedian.sv(870): incomplete case statement has no default case item File: /home/venser/bak-dip/practice/project/innerMedian.sv Line: 870
Warning (10270): Verilog HDL Case Statement warning at innerMedian.sv(904): incomplete case statement has no default case item File: /home/venser/bak-dip/practice/project/innerMedian.sv Line: 904
Info (12128): Elaborating entity "innerMedian.med$16.high_fifo" for hierarchy "innerMedian:a_dev|innerMedian.med$16:med$16|innerMedian.med$16.high_fifo:high_fifo" File: /home/venser/bak-dip/practice/project/innerMedian.sv Line: 306
Warning (10036): Verilog HDL or VHDL warning at innerMedian.sv(952): object "clk" assigned a value but never read File: /home/venser/bak-dip/practice/project/innerMedian.sv Line: 952
Warning (10036): Verilog HDL or VHDL warning at innerMedian.sv(959): object "memory_r_addr" assigned a value but never read File: /home/venser/bak-dip/practice/project/innerMedian.sv Line: 959
Warning (10036): Verilog HDL or VHDL warning at innerMedian.sv(961): object "memory_r_data" assigned a value but never read File: /home/venser/bak-dip/practice/project/innerMedian.sv Line: 961
Warning (10036): Verilog HDL or VHDL warning at innerMedian.sv(962): object "memory_r_data$14" assigned a value but never read File: /home/venser/bak-dip/practice/project/innerMedian.sv Line: 962
Warning (10036): Verilog HDL or VHDL warning at innerMedian.sv(969): object "pop" assigned a value but never read File: /home/venser/bak-dip/practice/project/innerMedian.sv Line: 969
Warning (10036): Verilog HDL or VHDL warning at innerMedian.sv(970): object "push" assigned a value but never read File: /home/venser/bak-dip/practice/project/innerMedian.sv Line: 970
Info (12128): Elaborating entity "innerMedian.med$16.init_fifo" for hierarchy "innerMedian:a_dev|innerMedian.med$16:med$16|innerMedian.med$16.init_fifo:init_fifo" File: /home/venser/bak-dip/practice/project/innerMedian.sv Line: 315
Warning (10036): Verilog HDL or VHDL warning at innerMedian.sv(1094): object "clk" assigned a value but never read File: /home/venser/bak-dip/practice/project/innerMedian.sv Line: 1094
Warning (10036): Verilog HDL or VHDL warning at innerMedian.sv(1102): object "memory_r_addr" assigned a value but never read File: /home/venser/bak-dip/practice/project/innerMedian.sv Line: 1102
Warning (10036): Verilog HDL or VHDL warning at innerMedian.sv(1104): object "memory_r_data" assigned a value but never read File: /home/venser/bak-dip/practice/project/innerMedian.sv Line: 1104
Warning (10036): Verilog HDL or VHDL warning at innerMedian.sv(1105): object "memory_r_data$14" assigned a value but never read File: /home/venser/bak-dip/practice/project/innerMedian.sv Line: 1105
Warning (10036): Verilog HDL or VHDL warning at innerMedian.sv(1112): object "pop" assigned a value but never read File: /home/venser/bak-dip/practice/project/innerMedian.sv Line: 1112
Warning (10036): Verilog HDL or VHDL warning at innerMedian.sv(1113): object "push" assigned a value but never read File: /home/venser/bak-dip/practice/project/innerMedian.sv Line: 1113
Info (12128): Elaborating entity "innerMedian.med$16.low_fifo" for hierarchy "innerMedian:a_dev|innerMedian.med$16:med$16|innerMedian.med$16.low_fifo:low_fifo" File: /home/venser/bak-dip/practice/project/innerMedian.sv Line: 323
Warning (10036): Verilog HDL or VHDL warning at innerMedian.sv(1237): object "clk" assigned a value but never read File: /home/venser/bak-dip/practice/project/innerMedian.sv Line: 1237
Warning (10036): Verilog HDL or VHDL warning at innerMedian.sv(1244): object "memory_r_addr" assigned a value but never read File: /home/venser/bak-dip/practice/project/innerMedian.sv Line: 1244
Warning (10036): Verilog HDL or VHDL warning at innerMedian.sv(1246): object "memory_r_data" assigned a value but never read File: /home/venser/bak-dip/practice/project/innerMedian.sv Line: 1246
Warning (10036): Verilog HDL or VHDL warning at innerMedian.sv(1247): object "memory_r_data$14" assigned a value but never read File: /home/venser/bak-dip/practice/project/innerMedian.sv Line: 1247
Warning (10036): Verilog HDL or VHDL warning at innerMedian.sv(1254): object "pop" assigned a value but never read File: /home/venser/bak-dip/practice/project/innerMedian.sv Line: 1254
Warning (10036): Verilog HDL or VHDL warning at innerMedian.sv(1255): object "push" assigned a value but never read File: /home/venser/bak-dip/practice/project/innerMedian.sv Line: 1255
Info (13000): Registers with preset signals will power-up high File: /home/venser/bak-dip/practice/project/innerMedian.sv Line: 248
Info (13003): DEV_CLRn pin will set, and not reset, register with preset signal due to NOT Gate Push-Back
Info (286030): Timing-Driven Synthesis is running
Info (17049): 3 registers lost all their fanouts during netlist optimizations.
Info (16010): Generating hard_block partition "hard_block:auto_generated_inst"
    Info (16011): Adding 0 node(s), including 0 DDIO, 0 PLL, 0 transceiver and 0 LCELL
Warning (21074): Design contains 72 input pin(s) that do not drive logic
    Warning (15610): No output dependent on input pin "arr[0][0][0]" File: /home/venser/bak-dip/practice/project/syncMedian.sv Line: 5
    Warning (15610): No output dependent on input pin "arr[0][0][1]" File: /home/venser/bak-dip/practice/project/syncMedian.sv Line: 5
    Warning (15610): No output dependent on input pin "arr[0][0][2]" File: /home/venser/bak-dip/practice/project/syncMedian.sv Line: 5
    Warning (15610): No output dependent on input pin "arr[0][0][3]" File: /home/venser/bak-dip/practice/project/syncMedian.sv Line: 5
    Warning (15610): No output dependent on input pin "arr[0][0][4]" File: /home/venser/bak-dip/practice/project/syncMedian.sv Line: 5
    Warning (15610): No output dependent on input pin "arr[0][0][5]" File: /home/venser/bak-dip/practice/project/syncMedian.sv Line: 5
    Warning (15610): No output dependent on input pin "arr[0][0][6]" File: /home/venser/bak-dip/practice/project/syncMedian.sv Line: 5
    Warning (15610): No output dependent on input pin "arr[0][0][7]" File: /home/venser/bak-dip/practice/project/syncMedian.sv Line: 5
    Warning (15610): No output dependent on input pin "arr[0][1][0]" File: /home/venser/bak-dip/practice/project/syncMedian.sv Line: 5
    Warning (15610): No output dependent on input pin "arr[0][1][1]" File: /home/venser/bak-dip/practice/project/syncMedian.sv Line: 5
    Warning (15610): No output dependent on input pin "arr[0][1][2]" File: /home/venser/bak-dip/practice/project/syncMedian.sv Line: 5
    Warning (15610): No output dependent on input pin "arr[0][1][3]" File: /home/venser/bak-dip/practice/project/syncMedian.sv Line: 5
    Warning (15610): No output dependent on input pin "arr[0][1][4]" File: /home/venser/bak-dip/practice/project/syncMedian.sv Line: 5
    Warning (15610): No output dependent on input pin "arr[0][1][5]" File: /home/venser/bak-dip/practice/project/syncMedian.sv Line: 5
    Warning (15610): No output dependent on input pin "arr[0][1][6]" File: /home/venser/bak-dip/practice/project/syncMedian.sv Line: 5
    Warning (15610): No output dependent on input pin "arr[0][1][7]" File: /home/venser/bak-dip/practice/project/syncMedian.sv Line: 5
    Warning (15610): No output dependent on input pin "arr[0][2][0]" File: /home/venser/bak-dip/practice/project/syncMedian.sv Line: 5
    Warning (15610): No output dependent on input pin "arr[0][2][1]" File: /home/venser/bak-dip/practice/project/syncMedian.sv Line: 5
    Warning (15610): No output dependent on input pin "arr[0][2][2]" File: /home/venser/bak-dip/practice/project/syncMedian.sv Line: 5
    Warning (15610): No output dependent on input pin "arr[0][2][3]" File: /home/venser/bak-dip/practice/project/syncMedian.sv Line: 5
    Warning (15610): No output dependent on input pin "arr[0][2][4]" File: /home/venser/bak-dip/practice/project/syncMedian.sv Line: 5
    Warning (15610): No output dependent on input pin "arr[0][2][5]" File: /home/venser/bak-dip/practice/project/syncMedian.sv Line: 5
    Warning (15610): No output dependent on input pin "arr[0][2][6]" File: /home/venser/bak-dip/practice/project/syncMedian.sv Line: 5
    Warning (15610): No output dependent on input pin "arr[0][2][7]" File: /home/venser/bak-dip/practice/project/syncMedian.sv Line: 5
    Warning (15610): No output dependent on input pin "arr[1][0][0]" File: /home/venser/bak-dip/practice/project/syncMedian.sv Line: 5
    Warning (15610): No output dependent on input pin "arr[1][0][1]" File: /home/venser/bak-dip/practice/project/syncMedian.sv Line: 5
    Warning (15610): No output dependent on input pin "arr[1][0][2]" File: /home/venser/bak-dip/practice/project/syncMedian.sv Line: 5
    Warning (15610): No output dependent on input pin "arr[1][0][3]" File: /home/venser/bak-dip/practice/project/syncMedian.sv Line: 5
    Warning (15610): No output dependent on input pin "arr[1][0][4]" File: /home/venser/bak-dip/practice/project/syncMedian.sv Line: 5
    Warning (15610): No output dependent on input pin "arr[1][0][5]" File: /home/venser/bak-dip/practice/project/syncMedian.sv Line: 5
    Warning (15610): No output dependent on input pin "arr[1][0][6]" File: /home/venser/bak-dip/practice/project/syncMedian.sv Line: 5
    Warning (15610): No output dependent on input pin "arr[1][0][7]" File: /home/venser/bak-dip/practice/project/syncMedian.sv Line: 5
    Warning (15610): No output dependent on input pin "arr[1][1][0]" File: /home/venser/bak-dip/practice/project/syncMedian.sv Line: 5
    Warning (15610): No output dependent on input pin "arr[1][1][1]" File: /home/venser/bak-dip/practice/project/syncMedian.sv Line: 5
    Warning (15610): No output dependent on input pin "arr[1][1][2]" File: /home/venser/bak-dip/practice/project/syncMedian.sv Line: 5
    Warning (15610): No output dependent on input pin "arr[1][1][3]" File: /home/venser/bak-dip/practice/project/syncMedian.sv Line: 5
    Warning (15610): No output dependent on input pin "arr[1][1][4]" File: /home/venser/bak-dip/practice/project/syncMedian.sv Line: 5
    Warning (15610): No output dependent on input pin "arr[1][1][5]" File: /home/venser/bak-dip/practice/project/syncMedian.sv Line: 5
    Warning (15610): No output dependent on input pin "arr[1][1][6]" File: /home/venser/bak-dip/practice/project/syncMedian.sv Line: 5
    Warning (15610): No output dependent on input pin "arr[1][1][7]" File: /home/venser/bak-dip/practice/project/syncMedian.sv Line: 5
    Warning (15610): No output dependent on input pin "arr[1][2][0]" File: /home/venser/bak-dip/practice/project/syncMedian.sv Line: 5
    Warning (15610): No output dependent on input pin "arr[1][2][1]" File: /home/venser/bak-dip/practice/project/syncMedian.sv Line: 5
    Warning (15610): No output dependent on input pin "arr[1][2][2]" File: /home/venser/bak-dip/practice/project/syncMedian.sv Line: 5
    Warning (15610): No output dependent on input pin "arr[1][2][3]" File: /home/venser/bak-dip/practice/project/syncMedian.sv Line: 5
    Warning (15610): No output dependent on input pin "arr[1][2][4]" File: /home/venser/bak-dip/practice/project/syncMedian.sv Line: 5
    Warning (15610): No output dependent on input pin "arr[1][2][5]" File: /home/venser/bak-dip/practice/project/syncMedian.sv Line: 5
    Warning (15610): No output dependent on input pin "arr[1][2][6]" File: /home/venser/bak-dip/practice/project/syncMedian.sv Line: 5
    Warning (15610): No output dependent on input pin "arr[1][2][7]" File: /home/venser/bak-dip/practice/project/syncMedian.sv Line: 5
    Warning (15610): No output dependent on input pin "arr[2][0][0]" File: /home/venser/bak-dip/practice/project/syncMedian.sv Line: 5
    Warning (15610): No output dependent on input pin "arr[2][0][1]" File: /home/venser/bak-dip/practice/project/syncMedian.sv Line: 5
    Warning (15610): No output dependent on input pin "arr[2][0][2]" File: /home/venser/bak-dip/practice/project/syncMedian.sv Line: 5
    Warning (15610): No output dependent on input pin "arr[2][0][3]" File: /home/venser/bak-dip/practice/project/syncMedian.sv Line: 5
    Warning (15610): No output dependent on input pin "arr[2][0][4]" File: /home/venser/bak-dip/practice/project/syncMedian.sv Line: 5
    Warning (15610): No output dependent on input pin "arr[2][0][5]" File: /home/venser/bak-dip/practice/project/syncMedian.sv Line: 5
    Warning (15610): No output dependent on input pin "arr[2][0][6]" File: /home/venser/bak-dip/practice/project/syncMedian.sv Line: 5
    Warning (15610): No output dependent on input pin "arr[2][0][7]" File: /home/venser/bak-dip/practice/project/syncMedian.sv Line: 5
    Warning (15610): No output dependent on input pin "arr[2][1][0]" File: /home/venser/bak-dip/practice/project/syncMedian.sv Line: 5
    Warning (15610): No output dependent on input pin "arr[2][1][1]" File: /home/venser/bak-dip/practice/project/syncMedian.sv Line: 5
    Warning (15610): No output dependent on input pin "arr[2][1][2]" File: /home/venser/bak-dip/practice/project/syncMedian.sv Line: 5
    Warning (15610): No output dependent on input pin "arr[2][1][3]" File: /home/venser/bak-dip/practice/project/syncMedian.sv Line: 5
    Warning (15610): No output dependent on input pin "arr[2][1][4]" File: /home/venser/bak-dip/practice/project/syncMedian.sv Line: 5
    Warning (15610): No output dependent on input pin "arr[2][1][5]" File: /home/venser/bak-dip/practice/project/syncMedian.sv Line: 5
    Warning (15610): No output dependent on input pin "arr[2][1][6]" File: /home/venser/bak-dip/practice/project/syncMedian.sv Line: 5
    Warning (15610): No output dependent on input pin "arr[2][1][7]" File: /home/venser/bak-dip/practice/project/syncMedian.sv Line: 5
    Warning (15610): No output dependent on input pin "arr[2][2][0]" File: /home/venser/bak-dip/practice/project/syncMedian.sv Line: 5
    Warning (15610): No output dependent on input pin "arr[2][2][1]" File: /home/venser/bak-dip/practice/project/syncMedian.sv Line: 5
    Warning (15610): No output dependent on input pin "arr[2][2][2]" File: /home/venser/bak-dip/practice/project/syncMedian.sv Line: 5
    Warning (15610): No output dependent on input pin "arr[2][2][3]" File: /home/venser/bak-dip/practice/project/syncMedian.sv Line: 5
    Warning (15610): No output dependent on input pin "arr[2][2][4]" File: /home/venser/bak-dip/practice/project/syncMedian.sv Line: 5
    Warning (15610): No output dependent on input pin "arr[2][2][5]" File: /home/venser/bak-dip/practice/project/syncMedian.sv Line: 5
    Warning (15610): No output dependent on input pin "arr[2][2][6]" File: /home/venser/bak-dip/practice/project/syncMedian.sv Line: 5
    Warning (15610): No output dependent on input pin "arr[2][2][7]" File: /home/venser/bak-dip/practice/project/syncMedian.sv Line: 5
Info (21057): Implemented 382 device resources after synthesis - the final resource count might be different
    Info (21058): Implemented 74 input pins
    Info (21059): Implemented 8 output pins
    Info (21061): Implemented 300 logic cells
Info: Quartus Prime Analysis & Synthesis was successful. 0 errors, 161 warnings
    Info: Peak virtual memory: 409 megabytes
    Info: Processing ended: Wed May 28 09:51:55 2025
    Info: Elapsed time: 00:00:09
    Info: Total CPU time (on all processors): 00:00:23


